id,keep,target,paraphrase,negation,neg_markers,neg_tier,containment,para_containment,prompt_id,genre,note
hn100102,?,זה היה מר אינגלת'ורפ.,מר אינגלתורפ היה שם.,"זה היה גבר, אבל זה לא היה מר אינגלת'ורפ.",לא,strong,1.00,0.40,100102,fiction,
hn103291,?,איכשהו אני שמח להיות רשמי מדי עבור החברה שלך.,הוכח שאני רשמי מדי לחברה שלך.,איכשהו אני לא שמח להיות רשמי מדי עבור החברה שלך.,לא,strong,1.00,0.33,103291,slate,
hn104982,?,"מר קרטר אמר לי כך.""",,מר קרטר לא אמר לי כך.,לא,strong,1.00,0.00,104982,fiction,WRITE PARAPHRASE
hn106730,?,אני רוצה לחזור למרגריט.,,אני לא רוצה לחזור למרגריט לעולם.,לא,strong,1.00,0.00,106730,fiction,WRITE PARAPHRASE
hn106877,?,"אני יודע, אני יודע.",אני כבר מודע.,אני לא יודע כלום.,לא,strong,1.00,0.50,106877,slate,
hn107129,?,האיש הגדול משך בכתפיו.,,האיש הגדול אפילו לא משך בכתפיו.,לא,strong,1.00,0.00,107129,fiction,WRITE PARAPHRASE
hn108400,?,אני מכור לקסמים שלך,,אני לא מכור לקסמים שלך.,לא,strong,1.00,0.00,108400,slate,WRITE PARAPHRASE
hn108458,?,מה הממשלה צריכה לעשות?,מה האנשים שמנהלים את האומה הזו צריכים לעשות?,מה הממשלה לא צריכה לעשות?,לא,strong,1.00,0.50,108458,slate,
hn110357,?,נפח שירות הדואר ניתן לערעור.,,נפח שירות הדואר אינו ניתן לערעור.,אינו,strong,1.00,0.00,110357,government,WRITE PARAPHRASE
hn112131,?,הוא יהיה גיבור המקצוע.,גיבור המקצוע יהיה הוא.,גיבור של המקצוע לעולם לא יהיה הוא.,לא,strong,1.00,1.00,112131,slate,
hn115033,?,יש יוצאים מן הכלל מעודדים.,ישנם חריגים שהם מעודדים.,יש יוצאים מן הכלל שאינם מעודדים.,שאינם,strong,1.00,0.20,115033,slate,
hn11512,?,הנושא האחרון הוא מעשי.,מעשיות היא אחת מהאיכויות של הגיליונות האחרונים.,הנושא האחרון הוא בהחלט לא מעשי.,לא,strong,1.00,0.00,11512,slate,
hn115426,?,היא משלמת לו על הדירה.,,היא לא משלמת לו על הדירה.,לא,strong,1.00,0.00,115426,oup,WRITE PARAPHRASE
hn117213,?,סקירה כללית של תהליך התכנון המדינתי,יש סקירה כללית של תהליך התכנון המדינתי.,אין סקירה כללית של תהליך התכנון המדינתי.,אין,strong,1.00,1.00,117213,government,
hn117834,?,הם יכולים לקרוא לזה מום.,רשע זה מה שזה לפעמים נקרא.,הם לא יכולים לקרוא לזה מום.,לא,strong,1.00,0.00,117834,slate,
hn12090,?,האם הם היו שם?,האם הם היו בזה?,האם הם לא היו ארוזים שם?,לא,strong,1.00,0.75,12090,slate,
hn121433,?,מעריצים אמיתיים יכולים ליהנות מלראות את אותו פרק ארבע או חמש פעמים.,"אם אתה נהנה לראות את אותו פרק ארבע או חמש פעמים, אתה יכול להיות מעריץ אמיתי.",אפילו מעריצים אמיתיים לא יכולים ליהנות מלראות את אותו פרק ארבע או חמש פעמים.,לא,strong,1.00,0.58,121433,slate,
hn1267,?,עיבוד נתונים מתואר במפורש?,עיבוד נתונים מתואר ביסודיות?,עיבוד נתונים לא מתואר במפורש?,לא,strong,1.00,0.75,1267,government,
hn131541,?,"""זה מתאים לי,"" הסכים דרו.",דרו הסכים שזה מתאים לו.,"""זה לא מתאים לי"", דרו לא הסכים.",לא | לא,strong,1.00,0.60,131541,fiction,
hn132293,?,מחר נעבוד על פשטות.,נעבוד על פשטות מחר.,לא נעבוד על פשטות מחר.,לא,strong,1.00,1.00,132293,fiction,
hn132300,?,"נכון, אמר ג'ון.",ג'ון אמר שזה נכון.,"לא נכון, אמר ג'ון.",לא,strong,1.00,1.00,132300,fiction,
hn133564,?,האם ליטלטון הייתה נקודת מפנה?,האם ליטלטון היה נקודת הבזק?,האם ליטלטון לא הייתה נקודת מפנה?,לא,strong,1.00,0.60,133564,slate,
hn134731,?,הענק מדבר! אמר אדרין.,אדרין הכריז שהענק מדבר.,"""הענק לא מדבר היום"" אמר אדרין לקהל.",לא,strong,1.00,0.50,134731,fiction,
hn135499,?,נכון שהדמוקרטים פישטו בצורה צינית את השגיאות של קווייל.,נכון שהדמוקרטים פישטו בצורה צינית את הטעויות של קווייל.,לא נכון שהדמוקרטים פישטו בצורה צינית את השגיאות של קווייל.,לא,strong,1.00,0.89,135499,slate,
hn13602,?,אני אוהב להמציא דברים.,אני אוהב ליצור מוצרים חדשים.,אני לא אוהב להמציא דברים,לא,strong,1.00,0.50,13602,fiction,
hn136851,?,מתי אנחנו רוצים את זה?,,מתי אנחנו לא רוצים את זה?,לא,strong,1.00,0.00,136851,slate,WRITE PARAPHRASE
hn139615,?,דנברס הפליג לאנגליה על הלוסיטניה.,דנברס היה נוסע על סיפון הלוסיטניה והיה בדרכו לאנגליה.,דנברס לא הפליג מעולם לאנגליה על סיפון הלוסיטניה.,לא | מעולם,strong,1.00,0.80,139615,fiction,
hn144786,?,אנחנו יכולים לברוח משם.,אנחנו מסוגלים לברוח משם.,אנחנו לא יכולים לברוח משם.,לא,strong,1.00,0.75,144786,fiction,
hn145950,?,הממשל ימצא שליח לסין.,השלטון ימצא שליח עבור סין.,הממשל לא ימצא שליח לסין.,לא,strong,1.00,0.50,145950,slate,
hn16481,?,חוות דעת בית המשפט,חוות דעת בית משפט,אין חוות דעת של בית המשפט,אין,strong,1.00,0.75,16481,government,
hn171,?,"זה כאן, זה כאן, זה כאן!",,"זה לא כאן, זה לא כאן!",לא | לא,strong,1.00,0.00,171,travel,WRITE PARAPHRASE
hn18463,?,אמרתי לו את שמי.,אמרתי לו איך קוראים לי.,לא אמרתי לו את שמי.,לא,strong,1.00,0.50,18463,fiction,
hn21822,?,הוא עמד על מה שהוא האמין בו.,הוא עמד על מה שהוא חשב שנכון.,הוא אף פעם לא עמד על מה שהוא האמין בו.,אף פעם | לא,"phrase,strong",1.00,0.71,21822,slate,
hn22106,?,"מה אתה חושב, יוליוס?""","""יוליוס, מה דעתך?""","""יוליוס לא אכפת לי מה אתה חושב"".",לא,strong,1.00,0.50,22106,fiction,
hn25309,?,אנחנו צריכים לדבר עם ה-FAA.,הכרחי לנו לתקשר עם FAA לגבי עניינים אלה.,אנחנו לא צריכים לדבר עם ה-FAA.,לא,strong,1.00,0.20,25309,nineeleven,
hn26842,?,אבל הם יתרגלו לזה.,"הם יתרגלו לזה, אם כי.",אבל הם לעולם לא יתרגלו לזה!,לא,strong,1.00,0.75,26842,slate,
hn2730,?,אל גור יכול לעשות גרוע יותר.,אל גור יכול היה לעשות דברים גרועים יותר.,אל גור לא יכול היה לעשות גרוע יותר.,לא,strong,1.00,0.83,2730,slate,
hn3211,?,"MSNBC, USA Today, ו-Yahoo!",יש רשתות חדשות.,MSNBC לא היה עם USA Today ו-Yahoo!,לא,strong,1.00,0.00,3211,slate,
hn3280,?,אנחנו יכולים להגן על העיר שלך.,,אנחנו לא יכולים להגן על העיר שלך.,לא,strong,1.00,0.00,3280,fiction,WRITE PARAPHRASE
hn33698,?,זה מרכז ניו יורק.,כאן מרכז ניו יורק.,זה לא מרכז ניו יורק.,לא,strong,1.00,0.75,33698,nineeleven,
hn33804,?,אני חושב שהם אוהבים את מה שעשיתי עם ניו יורק.,"הם אוהבים את מה שעשיתי עם ניו יורק, אני חושב.",אני לא חושב שהם אוהבים את מה שעשיתי עם ניו יורק.,לא,strong,1.00,0.90,33804,slate,
hn41017,?,האחרון פנה אל טומי.,טומי מצא את האחרונה פונה אליו.,האחרון לא פנה אל טומי.,לא,strong,1.00,0.25,41017,fiction,
hn42432,?,שני צירים הזמן התאחדו.,שני צירים הזמן השונים השתלבו.,שני צירים הזמן לא התאחדו.,לא,strong,1.00,0.75,42432,fiction,
hn44760,?,ראיתי את ג'ון.,,עדיין לא ראיתי את ג'ון.,לא,strong,1.00,0.00,44760,fiction,WRITE PARAPHRASE
hn45801,?,"אני אומר, תודה לך.","תודה, זה מה שאני אומר.","לא תודה לך, אני אומר.",לא,strong,1.00,0.50,45801,slate,
hn45888,?,פוארו מיהר להסביר את עצמו.,,פוארו לא מיהר להסביר את עצמו.,לא,strong,1.00,0.00,45888,fiction,WRITE PARAPHRASE
hn46505,?,הייתי צריך לעזור לה.,הייתי צריך לתת לה עזרה.,לא הייתי צריך לעזור לה.,לא,strong,1.00,0.75,46505,fiction,
hn47044,?,אני רוצה שהיא תעזוב.,הייתי רוצה שהיא תעבור לגור במקום אחר.,אני לא רוצה שהיא תעזוב לעולם.,לא,strong,1.00,0.50,47044,slate,
hn4776,?,מה אני יכול לעשות?,,מה אני לא יכול לעשות?,לא,strong,1.00,0.00,4776,slate,WRITE PARAPHRASE
hn49380,?,הוועדה כללה סיכום של ניתוח הגמישות הרגולטורית הראשוני שלה.,סיכום הניתוח הראשוני של גמישות רגולטורית צורף.,הוועדה לא כללה סיכום של ניתוח הגמישות הרגולטורית הראשוני שלה.,לא,strong,1.00,0.33,49380,government,
hn50393,?,"עורך ראשי, Business Week",ל-Business Week יש עורך ראשי.,ל- Business Week אין עורך ראשי.,אין,strong,1.00,0.75,50393,slate,
hn53013,?,"המכונות, לעומת זאת, נראות מטושטשות.","בהשוואה, המכונות נראות מטושטשות.","לעומת זאת, המכונות לא נראות מטושטשות.",לא,strong,1.00,0.60,53013,slate,
hn54723,?,"""ראיתי גם את זה.",,לא ראיתי את זה גם.,לא,strong,1.00,0.00,54723,fiction,WRITE PARAPHRASE
hn55725,?,"אנחנו החברים שלך, מר פרנקלין.",,"אנחנו לא החברים שלך, מר פרנקלין.",לא,strong,1.00,0.00,55725,fiction,WRITE PARAPHRASE
hn57990,?,"ראית אותו, אני מניח?",אני מניח שראית אותו?,"לא ראית אותו, אני מניח?",לא,strong,1.00,0.75,57990,fiction,
hn58497,?,"נכון, אמר ג'ון.",ג'ון אמר שזה נכון.,ג'ון אמר שזה לא נכון.,לא,strong,1.00,1.00,58497,fiction,
hn60839,?,האם זה היה שווה את זה?,,האם זה לא היה שווה את זה בכלל?,לא,strong,1.00,0.00,60839,slate,WRITE PARAPHRASE
hn61024,?,מר בראון תפס את מקומו.,,מר בראון לא תפס את מקומו.,לא,strong,1.00,0.00,61024,fiction,WRITE PARAPHRASE
hn62265,?,אי-ודאויות אחרות ספציפיות להערכת תמותה מוקדמת כוללות את ה-,,אי-ודאויות אחרות שאינן ספציפיות להערכת תמותה מוקדמת כוללות את ה-,שאינן,strong,1.00,0.00,62265,government,WRITE PARAPHRASE
hn64490,?,הדברת מזיקים תטופל בפרק עתידי.,הדברה תהיה הנושא של פרק עתידי.,הדברת מזיקים לא תטופל לעולם בפרק עתידי.,לא,strong,1.00,0.20,64490,slate,
hn7032,?,אתה מתכוון לג'יין פין?,"ג'יין פין, את מתכוונת?",אתה לא מתכוון לג'יין פין.,לא,strong,1.00,0.40,7032,fiction,
hn71825,?,אתה יודע מה שאלתי אותך עכשיו.,שאלתי אותך משהו עכשיו.,אתה לא יודע מה שאלתי אותך עכשיו?,לא,strong,1.00,0.50,71825,fiction,
hn72130,?,"הזקן היה כזה, הודה יוליוס.",יוליוס היה צריך להודות שזה מה שהיה האיש הזקן.,"הזקן לא היה כזה בכלל, הודה יוליוס.",לא,strong,1.00,0.60,72130,fiction,
hn76378,?,למה אתה צריך את זה?,,למה אתה לא צריך את זה?,לא,strong,1.00,0.00,76378,fiction,WRITE PARAPHRASE
hn79961,?,דול סומך על וודוורד.,דול שומר על אמונו בוודוורד.,דול לא סומך על וודוורד.,לא,strong,1.00,0.50,79961,slate,
hn80080,?,מתאים למטרת מחקר המקרה?,מתאים לסיבת המקרה הנלמד?,לא מתאים למטרת מחקר המקרה,לא,strong,1.00,0.50,80080,government,
hn81917,?,זה היה על הכרטיס שלו.,הקלף שלו נמצא איפה שהיה.,זה לא היה בכלל על הכרטיס שלו.,לא,strong,1.00,0.20,81917,fiction,
hn84661,?,אתה קורא את העיתון שהם רצו לעשות.,זה המסמך שהם רצו לעשות.,אתה קורא את העיתון שהם לא רצו לעשות.,לא,strong,1.00,0.43,84661,slate,
hn89318,?,ניסיתי לסבול את זה.,,אפילו לא ניסיתי לסבול את זה.,לא,strong,1.00,0.00,89318,fiction,WRITE PARAPHRASE
hn91031,?,"זה נכון, הוא הודה.",הוא הודה שזה נכון.,"זה לא נכון, הוא הודה.",לא,strong,1.00,0.75,91031,fiction,
hn9558,?,תקני דיווח לביקורות ביצועים,,תקני דיווח לא לביקורות ביצועים.,לא,strong,1.00,0.00,9558,government,WRITE PARAPHRASE
hn96767,?,"""כי אתה יכול להחזיר את השמיים.",כי אתה יכול להחזיר את השמיים למקום המקורי שלהם.,"כי אף אחד, אפילו לא אתה, יכול להחזיר את השמיים.",אף אחד | לא,"phrase,strong",1.00,1.00,96767,fiction,
hn49766,?,"לפני שאדם בעל הכנסה נמוכה יוכל לקבל סיוע משפטי הולם, אותו אדם צריך לקבל גישה למערכת השירותים המשפטיים.","לפני שאדם עם הכנסה נמוכה יכול לקבל סיוע משפטי מתאים, אותו אדם צריך לקבל גישה למערכת השירותים המשפטיים.","לפני שאדם בעל הכנסה נמוכה יכול לקבל סיוע משפטי הולם, אותו אדם אינו צריך לקבל גישה למערכת השירותים המשפטיים.",אינו,strong,0.94,0.82,49766,government,
hn110892,?,חשבתי שזה מתאים גם לעונת החגים וגם לניתוח שלאחר מעשה של תיק תעריפי הדואר.,חשבתי שזה מתאים גם לעונות החגים וגם לניתוח שלאחר מעשה של תעריפי הדואר.,חשבתי שזה לא מתאים גם לעונת החגים וגם לניתוח שלאחר מעשה של תעריפי הדואר.,לא,strong,0.93,0.86,110892,government,
hn11441,?,"בנוסף, את התרומה המלאה בסך 1,000 דולר ניתן לפרט כניכוי ממס הכנסה פדרלי.","התרומה המלאה של 1,000 דולר, בנוסף, יכולה להיות מפורטת כניכוי מס הכנסה פדרלי.","בנוסף, לא ניתן לפרט את כל התרומה בסך 1,000,000 דולר כניכוי ממס הכנסה פדרלי.",לא,strong,0.93,0.64,11441,letters,
hn67507,?,חוק סרבנס-אוקסלי משנת 2002 מספק מסגרת חזקה לממשל תאגידי יעיל יותר ולוויסות מקצוע החשבונאות.,חוק סרבנס-אוקסלי משנת 2002 מספק מסגרת לניהול תאגידי אפקטיבי ולוויסות מקצוע הראיית חשבון.,חוק סרבנס-אוקסלי משנת 2002 אינו מספק מסגרת חזקה לממשל תאגידי יעיל יותר ולרגולציה של מקצוע החשבונאות.,אינו,strong,0.93,0.64,67507,government,
hn72843,?,"המדינות בקטגוריה זו כוללות את קליפורניה, קונטיקט, אילינוי, אינדיאנה, קנטקי, מרילנד, מישיגן, מיזורי, ניו ג'רזי, ניו מקסיקו, אורגון, רוד איילנד, וירג'יניה המערבית וויומינג.",יש 14 מדינות בקטגוריה זו.,"המדינות בקטגוריה זו אינן כוללות את קליפורניה, קונטיקט, אילינוי, אינדיאנה, קנטקי, מרילנד, מישיגן, מיזורי, ניו ג'רזי, ניו מקסיקו, אורגון, רוד איילנד, ווסט וירג'יניה ויומינג.",אינן,strong,0.92,0.08,72843,government,
hn133001,?,המגוון והאנרגיה של חיי הלילה כאן עקפו את אלה של הגדה השמאלית.,לגדה השמאלית יש מגוון פעילויות של חיי לילה.,המגוון והאנרגיה של חיי הלילה כאן לא עקפו את הגדה השמאלית.,לא,strong,0.91,0.27,133001,travel,
hn55816,?,הרפובליקה הימית של ג'נובה קמה כדי לאתגר את עליונותה של ונציה.,"ג'נובה, הרפובליקה הימית, קמה לאתגר את עליונותה של ונציה.",הרפובליקה הימית של ג'נובה לא קמה מעולם לאתגר את עליונותה של ונציה.,לא | מעולם,strong,0.91,0.91,55816,travel,
hn136464,?,או האם שימוש לרעה ברוחב פס הוא שאלה מוסרית אמיתית?,האם שימוש לרעה ברוחב פס הוא שאלה מוסרית אמיתית?,האם שימוש לרעה ברוחב הפס הוא שאלה מוסרית אמיתית או לא אמיתית?,לא,strong,0.90,0.90,136464,slate,
hn31800,?,סעיף זה מסכם את תוצאות המחקר שלנו ועבודת מחקר המקרה.,תוצאות המחקר שלנו ועבודת המקרה מסוכמות בסעיף זה.,סעיף זה אינו מסכם את תוצאות המחקר שלנו ועבודת המקרה.,אינו,strong,0.90,0.60,31800,government,
hn82262,?,רפורמות בצדק אזרחי נלקחו בחשבון בעת הוצאת כלל סופי זה.,הכלל הסופי הזה לקח בחשבון רפורמות בצדק האזרחי.,רפורמות בצדק האזרחי לא נלקחו בחשבון בעת הוצאת כלל סופי זה.,לא,strong,0.90,0.30,82262,government,
hn103338,?,הוצאות המנהל כוללות הקצאה מתאימה של עלויות תקורה של הסוכנות.,הוצאות המנהל כוללות הקצאה נאותה של עלויות תקורה של הסוכנות.,הוצאות המינהל אינן כוללות הקצאה מתאימה של עלויות תקורה של הסוכנות.,אינן,strong,0.89,0.89,103338,government,
hn145692,?,אפשר לטעון שהבלגן במינויים הוא יותר אסתטי מאשר מהותי.,אפשר לטעון שהבלגן בפגישות הוא יותר אסתטי מאשר מהותי.,אי אפשר לטעון שהבלגן במינויים הוא יותר אסתטי מאשר מהותי.,אי אפשר,phrase,0.89,0.89,145692,slate,
hn42675,?,"אני באמת יודע איך לעשות את זה כשאני חושב.""",אני יודע בוודאות איך לעשות את זה כשאני חושב,אני לא יודע איך לעשות את זה כשאני חושב,לא,strong,0.89,0.89,42675,fiction,
hn114609,?,הסביבה הבינלאומית למאמציו של בן לאדן הייתה אידיאלית.,הסביבה הבינלאומית למאמציו של בן לאדן הייתה בדיוק נכונה.,הסביבה לא הייתה אידיאלית למאמציו של בן לאדן.,לא,strong,0.88,0.88,114609,nineeleven,
hn116206,?,מערכות מידע בסוכנויות פדרליות והמליץ על שיפורים רבים.,מערכות מידע בסוכנויות פדרליות המליצו על שיפורים רבים,מערכות מידע בסוכנויות פדרליות לא המליצו על שיפורים רבים,לא,strong,0.88,0.88,116206,government,
hn118165,?,הוא השתמש במוריס כדי לעזור לו לעבור למרכז.,מוריס עזר לו לעבור למרכז.,הוא לא השתמש באף אחד כדי לעזור לו לעבור למרכז.,לא | באף אחד,"phrase,strong",0.88,0.38,118165,slate,
hn24829,?,הנושא החוזר הוא יותר מדי ומעט מדי הערכה עצמית.,המסר החוזר הוא דעה גבוהה מדי ונמוכה מדי על עצמו.,הנושא החוזר הוא שאין דבר כזה יותר מדי הערכה עצמית.,שאין,strong,0.88,0.38,24829,slate,
hn27613,?,"במקרים שבהם נכונותו של השולח לשלם קשורה לתוכן, ייתכן שניתן לטעון שהתוכן ימשיך להיות מוכר בתעריפים.","במקרים שבהם הנכונות לשלם של השולח קשורה לתוכן, ייתכן שניתן יהיה לטעון שהתוכן ימשיך להיות מוכר בתעריפים.","במקרים שבהם הנכונות לשלם של השולח קשורה לתוכן, יתכן שניתן לטעון שהתוכן לא ימשיך להיות מוכר בתעריפים.",לא,strong,0.88,0.94,27613,government,
hn29775,?,החוק השני של שומן לדינמיקה חישובית מציע זאת.,שומן הגה את החוק השני של דינמיקה חישובית.,החוק השני של שומן לדינמיקה חישובית לא מציע שום דבר.,לא | שום דבר,"phrase,strong",0.88,0.62,29775,slate,
hn44122,?,האם הורדת רמת האלכוהול החוקית שווה את זה?,האם זה שווה את כאבי הראש כדי להוריד את מגבלת האלכוהול החוקית?,הורדת רמת האלכוהול החוקית שווה את זה ללא ספק,ללא,strong,0.88,0.75,44122,slate,
hn72178,?,פסטיבל הסרטים הבינלאומי של הונג קונג מתקיים באפריל.,,פסטיבל הסרטים הבינלאומי של הונג קונג כבר לא מתקיים.,לא,strong,0.88,0.00,72178,travel,WRITE PARAPHRASE
hn91839,?,המידע המשלים שפורסם ב-Federal Register כולל את הטקסט המלא של ניתוח הגמישות הרגולטורית הסופי של הוועדה.,ניתוח הגמישות הרגולטורית הסופי של הוועדה נכלל בפדרל רג'יסטר.,המידע המשלים שפורסם ב-Federal Register אינו כולל את ניתוח הגמישות הרגולטורית הסופי של הוועדה.,אינו,strong,0.87,0.40,91839,government,
hn102944,?,שיקולים נוספים לביקורות פיננסיות שבוצעו בהתאם ל-GAGAS,,שיקולים נוספים לביקורות פיננסיות לא בוצעו בהתאם ל-GAGAS,לא,strong,0.86,0.00,102944,government,WRITE PARAPHRASE
hn112747,?,אנשים הם אלו שגורמים לבקרה הפנימית לעבוד.,בקרה פנימית עובדת בזכות אנשים.,אנשים הם אלה שגורמים לבקרה הפנימית לא לעבוד.,לא,strong,0.86,0.14,112747,government,
hn127137,?,"אחרת, היא הייתה לוקחת את מפתח הבית.""","אלמלא כן, היא הייתה לוקחת את מפתח הבית.",היא לעולם לא הייתה לוקחת את מפתח הבית.,לא,strong,0.86,0.86,127137,fiction,
hn130236,?,הממשלה הפדרלית לווה מהציבור כדי לממן גירעון.,הממשלה הפדרלית לווה מהציבור כדי לממן את הגירעון,הממשלה הפדרלית לא שואלת מהציבור כדי לממן גירעון,לא,strong,0.86,0.86,130236,government,
hn136480,?,הם הצליחו לעצור את קו הרכבת בוינדרמיר.,קו הרכבת בוינדרמיר נעצר.,הם לא הצליחו לעצור את הרכבת בוינדרמיר.,לא,strong,0.86,0.43,136480,travel,
hn14140,?,הראיות התומכות בשיפוטים ובמסקנות המשמעותיים של המבקרים.,ראיות התומכות במסקנות ובשיפוטים המשמעותיים של המבקרים.,אין ראיות התומכות בשיפוטים ובמסקנות המשמעותיים של המבקרים.,אין,strong,0.86,0.57,14140,government,
hn143526,?,"בוראדרו, בר קאלה 13 (בשדרת פרימרה) הוא המקום לפגוש את הג'ינטרה של חלומותיך.",ניתן למצוא ג'ינטרה נהדרת בבר קאלה 13.,"בוראדרו, בר קאלה 13 (בפלמס פרימרה) אינו המקום לפגוש את הג'ינטרה של חלומותיך.",אינו,strong,0.86,0.21,143526,travel,
hn27032,?,הביצוע המוצלח של שני גורמי ההצלחה הקריטיים הללו תלוי במידה רבה בפקידים מלבד ה-CIO.,,הביצוע המוצלח של שני גורמי ההצלחה המכריעים האלה לא תלוי במידה רבה בפקידים מלבד ה-CIO.,לא,strong,0.86,0.00,27032,government,WRITE PARAPHRASE
hn37289,?,GAO נדרש לפעול לפי כללי הסנאט וה,הכרחי ש-GAO יפעל לפי כללי הסנאט.,GAO אינו נדרש לפעול לפי כללי הסנאט.,אינו,strong,0.86,0.43,37289,government,
hn37936,?,"""גם אני אוהב אותו, סבא,"" אמר בורק.",גם בורק אהב אותו.,"גם אני לא אוהב אותו, סבא. אמר ישוע.",לא,strong,0.86,0.43,37936,fiction,
hn473,?,הוא חייב לדווח על כישלונו למר קרטר.,הכישלון שלו ידווח למר קרטר.,הוא לא חייב לדווח על שום כישלון למר קרטר.,לא,strong,0.86,0.29,473,fiction,
hn48833,?,עונת הפולו העיקרית בג'מייקה רואה משחק אחר משחק על הדשא הבתולי בצ'וקה קוב.,עונת הפולו העיקרית בג'מייקה רואה משחקים רבים על הדשא הבתולי בצ'וקה קוב.,עונת הפולו העיקרית בג'מייקה לא רואה משחקים רבים על הדשא הבתולי בצ'וקה קוב.,לא,strong,0.86,0.86,48833,travel,
hn55831,?,הכובשים החדשים של צפון הודו לא באו בלא הזמנה.,הכובשים החדשים של צפון הודו הגיעו בהזמנה.,הכובשים החדשים של צפון הודו הגיעו ללא הזמנה ובהפתעה.,ללא,strong,0.86,0.71,55831,travel,
hn6085,?,"עד כה, התשובה היא כן! חד משמעית.","עד היום, התשובה היא בהחלט כן!","עד כה, התשובה היא לא חד משמעית!",לא,strong,0.86,0.57,6085,slate,
hn66929,?,מאר ביקש אישור להזניק את מטוסי אוטיס.,,מאר לא ביקש רשות להזניק את מטוסי הקרב אוטיס.,לא,strong,0.86,0.00,66929,nineeleven,WRITE PARAPHRASE
hn6697,?,דוח על תקני ארגון מחדש של LSC,יש דוח על תקני התיאום מחדש של LSC.,אין דוח על תקני התצורה מחדש של LSC.,אין,strong,0.86,0.86,6697,government,
hn88884,?,השיטה שנבחרה על ידי ההנהלה לרישום הסטיות צריכה להיות היעילה והאפקטיבית ביותר בנסיבות העניין.,השיטה שנבחרה על ידי ההנהלה לרישום הסטיות צריכה להיות היעילה והאפקטיבית ביותר בנסיבות.,השיטה שנבחרה על ידי הנהלה לרישום הסטיות לא צריכה להיות היעילה והאפקטיבית ביותר בנסיבות.,לא,strong,0.86,0.93,88884,government,
hn89490,?,פעולות ספציפיות לכל שלב נדונות בסעיפים 6-10.,,פעולות ספציפיות עבור כל שלב לא נדונות בסעיפים 6-10.,לא,strong,0.86,0.00,89490,government,WRITE PARAPHRASE
hn92899,?,תמיד היו לי תקוות לגבי המכתב הזה.,תמיד רציתי שהמכתב הזה יגיע.,לא היו לי שום תקוות לגבי המכתב הזה.,לא,strong,0.86,0.29,92899,fiction,
hn4199,?,"לכן, המחקר הצליח לקשר בין ציוני בחינת מצב נפשי לרמות האלכוהול בזמן ההסכמה.",המחקר יצר מתאם בין רמות האלכוהול בזמן ההסכמה לציוני מבחן המצב המנטלי.,המחקר לא הצליח לקשר בין ציוני בחינת מצב נפשי לרמות אלכוהול בזמן ההסכמה.,לא,strong,0.85,0.38,4199,government,
hn115652,?,עושר מוחשי בר-שחזור קבוע בארצות הברית,"עושר מוחשי קבוע וניתן לשכפול בארה""ב.",עושר מוחשי קבוע שאינו ניתן לשכפול בארצות הברית.,שאינו,strong,0.83,0.50,115652,government,
hn117439,?,זה הופך אותך לניתן לחיזוי מאוד.',,זה לא הופך אותך לניתן לחיזוי.,לא,strong,0.83,0.00,117439,fiction,WRITE PARAPHRASE
hn118183,?,קבע את בסיס המחאה ואת פתרונה.,בסיס המחאה ופתרונה; קבע אותו.,אין לקבוע את בסיס המחאה ואת פתרונה.,אין,strong,0.83,0.50,118183,government,
hn118617,?,ניתן לשלוח תלונות ישירות ל-Critical Path.,הנתיב הקריטי הוא המקום שאליו ניתן לשלוח את השיחות.,תלונות לא ניתן לשלוח ל-Critical Path.,לא,strong,0.83,0.33,118617,slate,
hn122021,?,משהו דומה אולי קורה עם התמונות.,משהו דומה עשוי להתרחש עם התמונות.,משהו דומה בהחלט לא קורה עם התמונות.,לא,strong,0.83,0.67,122021,slate,
hn122584,?,אבל הייתי צריך לשים לב יותר.,הייתי צריך לשים לב יותר.,לא הייתי צריך לשים לב לזה יותר מדי.,לא,strong,0.83,0.83,122584,slate,
hn129216,?,"קרן המחקר של מנהלים פיננסיים, 1993.",קרן המחקר של מנהלים פיננסיים נוסדה בשנת 1993,קרן המחקר של מנהלים פיננסיים אינה קיימת.,אינה,strong,0.83,1.00,129216,government,
hn133200,?,הייתי רוצה שהוא יראה את זה.,קיוויתי שהוא יוכל לראות זאת.,אני לא רוצה שהוא יראה את זה.,לא,strong,0.83,0.17,133200,fiction,
hn1409,?,השופט בדימוס ג'וזף תלהופר הסכים.,השופט לשעבר ג'וזף טלהופר הסכים.,השופט ג'וזף תלהופר לא הסכים.,לא,strong,0.83,0.67,1409,government,
hn14371,?,תוכנית עורכי הדין המתנדבים של לשכת עורכי הדין של מדינת אלבמה עוזרת למדינה במידה מסוימת.,במידה מסוימת תוכנית עורכי הדין המתנדבים של לשכת עורכי הדין של מדינת אלבמה עוזרת למדינה.,תוכנית עורכי הדין המתנדבים של לשכת עורכי הדין של מדינת אלבמה לא עוזרת למדינה בשום צורה.,לא | בשום צורה,"phrase,strong",0.83,1.00,14371,government,
hn144477,?,"הפלישה הנאצית, מלחמת העולם השנייה והשואה","השואה, מלחמת העולם השנייה ופלישת הנאצים.","לא מלחמת העולם השנייה, לא הפלישה הנאצית ולא השואה.",לא | לא | ולא,strong,0.83,0.50,144477,travel,
hn16974,?,פיט דוקינס בניו ג'רזי ב-1988,פיט דוקינס נסע לניו ג'רזי.,פיט דוקינס מעולם לא היה בניו ג'רזי.,מעולם לא,phrase,0.83,0.67,16974,slate,
hn22069,?,שלושה דברים שאנחנו יודעים על השוויצרים.,ישנם שלושה דברים שאנחנו מבינים לגבי השוויצרים.,יש שלושים דברים שאנחנו לא יודעים על השוויצרים.,לא,strong,0.83,0.67,22069,slate,
hn2588,?,נאמר לו שמישהו מחפש אותו בבר.,הוא שמע שמישהו בבר מחפש אותו.,לא סיפרו לו שמישהו מחפש אותו בבר.,לא,strong,0.83,0.67,2588,fiction,
hn28728,?,מתי מחקרי מקרה משמשים כראוי בהערכה?,ניתן להשתמש במחקרי מקרה כראוי בהערכה.,מחקרי מקרה לעולם לא משמשים כראוי בהערכה.,לא,strong,0.83,0.50,28728,government,
hn31782,?,שסתום מדידה - מערכת העברה פנאומטית או מכנית להעברת הסופח למיקום ההזרקה,מערכת הולכה פנאומטית או מכנית היא חלק מהגדרת שסתום מדידה.,שסתום מדידה אינו מערכת העברה מכנית או פנאומטית להעברת הסופח למקום ההזרקה.,אינו,strong,0.83,0.50,31782,government,
hn40208,?,משהו השתנה וכולם ראו את זה.,כולם ראו שמשהו השתנה.,שום דבר לא השתנה וכולם ראו את זה.,שום דבר | לא,"phrase,strong",0.83,0.33,40208,fiction,
hn46423,?,כולם מדברים כאילו הסיכונים הם עצומים.,כולם מדברים כאילו המהמרים הם מונומנטליים.,כולם מדברים כאילו הסיכונים לא עצומים.,לא,strong,0.83,0.67,46423,slate,
hn50640,?,איך אתה הולך לעשות את זה?',איך תעשה את זה?,אתה לא הולך לעשות את זה.,לא,strong,0.83,0.50,50640,fiction,
hn51230,?,הוא נמצא רק על חצי האי.,,הוא לא נמצא על חצי האי.,לא,strong,0.83,0.00,51230,travel,WRITE PARAPHRASE
hn5132,?,זה בדיוק מה שהיא בוחרת לשתות.,זו הבחירה שלה של המשקה שלה.,זה אף פעם לא מה שהיא בוחרת לשתות.,אף פעם | לא,"phrase,strong",0.83,0.00,5132,slate,
hn55092,?,פונקציות תגובה-ריכוז לתמותה מוקדמת הקשורה ל-PM,הפונקציה לתמותה מוקדמת הקשורה ל-PM היא ריכוז-תגובה.,פונקציות ריכוז-תגובה אינן קשורות לתמותה מוקדמת הקשורה ל-PM.,אינן,strong,0.83,0.67,55092,government,
hn63486,?,האיש השני מעד על גופתו ונפל.,האיש השני נפל לאחר שנתקל בגופו.,האיש השני מעד על גופתו אך לא נפל.,לא,strong,0.83,0.33,63486,fiction,
hn64680,?,אנחנו יכולים לעשות את זה שוב.,אנחנו יכולים לעשות זאת בפעם אחרת.,אנחנו לא מסוגלים לעשות את זה שוב.,לא,strong,0.83,0.50,64680,fiction,
hn64816,?,כאן נמצאת ההפתעה הגדולה ביותר שלנו.,ההפתעה הגדולה ביותר קיימת כאן.,שם לא נמצאת ההפתעה הגדולה ביותר שלנו.,לא,strong,0.83,0.67,64816,fiction,
hn70749,?,חברות וול סטריט כפופות לאותן נטיות.,מגמות מסוימות משותפות לחברות וול סטריט.,חברות וול סטריט אינן נוטות לאותן נטיות.,אינן,strong,0.83,0.33,70749,government,
hn80579,?,זה עדיין המלון הפופולרי ביותר לקבוצות.,קבוצות אוהבות את המלון הזה הכי הרבה.,זה לא המלון הפופולרי ביותר לקבוצות.,לא,strong,0.83,0.17,80579,travel,
hn86303,?,מחלקת ההגנה תוכל להתחיל בייצור מלא.,ייתכן שמשרד ההגנה יוכל להתחיל בייצור מלא.,מחלקת ההגנה לא יכלה להתחיל בייצור מלא.,לא,strong,0.83,0.67,86303,government,
hn8941,?,'אני רוצה לראות את זה בעצמי.,הייתי רוצה לראות זאת בעצמי.,אני לא רוצה לראות את זה.,לא,strong,0.83,0.50,8941,fiction,
hn92742,?,פקידים המבצעים אישורים מנהליים בדרך כלל אחראים על פחות היבטים של עסקה.,,פקידים המבצעים אישורים מנהליים בדרך כלל אינם אחראים לפחות היבטים של עסקה.,אינם,strong,0.83,0.00,92742,government,WRITE PARAPHRASE
hn92919,?,"לאחרונה, ניהלנו בהצלחה את המעבר ל-Y2K.",מעבר שנת 2000 נוהל בהצלחה.,לא ניהלנו את המעבר ל-Y2K בהצלחה.,לא,strong,0.83,0.17,92919,government,
hn97952,?,"חייב להיות משהו ביניהם, היא חשבה.","יש משהו ביניהם, היא חשבה.",היא לא חשבה שיכול להיות ביניהם משהו.,לא,strong,0.83,0.67,97952,slate,
hn101865,?,(יהיה זול יותר לקנות את המניה בשוק הפתוח מאשר באמצעות האופציות.),קניית המניה בשוק הפתוח תהיה זולה יותר מאשר שימוש באופציות.,"יהיה זול יותר לקנות את המניה באמצעות אופציות, ולא בשוק הפתוח.",ולא,strong,0.82,0.45,101865,slate,
hn106138,?,זה עולה בקנה אחד עם החששות של המועצה ושל רשות השיכון.,לרשות השיכון ולמועצה יש חששות מסוימים.,זה לא עולה בקנה אחד עם החששות של רשות השיכון.,לא,strong,0.82,0.09,106138,government,
hn119340,?,"אתר האינטרנט של המרכז כולל מידע על הפרויקטים, המחקר והפרסומים שלו.","מידע על פרסומים, מחקרים ופרויקטים נכלל באתר האינטרנט של המרכז.",אתר האינטרנט של המרכז לא כולל מידע על הפרויקטים שלו.,לא,strong,0.82,0.45,119340,government,
hn121155,?,אחד מהגורמים המשפיעים על הביקוש לשירותי דואר הוא מספר משקי הבית.,אחד הגורמים המשפיעים על הביקוש לשירותי דואר הוא מספר משקי הבית.,אחד הגורמים המשפיעים על הביקוש לשירותי דואר אינו מספר משקי הבית.,אינו,strong,0.82,0.91,121155,government,
hn37853,?,"כל עוד הכיסוי גבוה יחסית, המובילים יצטרכו לכסות את כל המסלול שלהם.","אם הכיסוי גבוה, המובילים יצטרכו לכסות את כל המסלול שלהם.","אם הכיסוי גבוה, המובילים לא יצטרכו לכסות את כל המסלול שלהם.",לא,strong,0.82,0.82,37853,government,
hn42429,?,הניתוח הסופי הועבר ליועץ הראשי לעריכת דין של מינהל העסקים הקטנים.,היועץ הראשי לענייני תמיכה של מינהל העסקים הקטנים קיבל את הניתוח הסופי.,הניתוח הסופי לא הועבר ליועץ הראשי לענייני תמיכה של מינהל העסקים הקטנים.,לא,strong,0.82,0.64,42429,government,
hn59755,?,ההגדרה של שנה מכוסה קובעת מתי תתחיל תוכנית המסחר החדשה של WRAP.,הגדרת השנה המכוסה קובעת מתי תתחיל תוכנית המסחר החדשה של WRAP.,ההגדרה של השנה המכוסה אינה קובעת מתי תתחיל תוכנית המסחר החדשה של WRAP.,אינה,strong,0.82,0.73,59755,government,
hn25053,?,התערבויות קצרות ניתן להשתמש בהן כדי לדרבן מטופלים כאלה לחפש או לקבל הפניה לטיפול אינטנסיבי יותר.,"כדי לתמרץ מטופלים כאלה לחפש או לקבל הפניה לטיפול אינטנסיבי יותר, ניתן להשתמש בהתערבויות קצרות.","כדי לדרבן חולים כאלה לחפש או לקבל הפניה לטיפול אינטנסיבי יותר, לא ניתן להשתמש בהתערבויות קצרות.",לא,strong,0.81,0.81,25053,government,
hn100780,?,זה מתאים למה שדורקאס שמעה.,זה תואם את מה שדורקאס שמעה.,זה לא תואם למה שדורקאס שמעה.,לא,strong,0.80,0.60,100780,fiction,
hn10175,?,"ובכן, נמצא אותו, אמר גבריאל.",גבריאל אמר שנמצא אותו.,"""אנחנו לעולם לא נמצא אותו"" אמר גבריאל.",לא,strong,0.80,0.60,10175,fiction,
hn1046,?,זה נראה כאילו הכל בסדר.,נראה שהכל הולך טוב.,נראה כאילו הכל לא בסדר.,לא,strong,0.80,0.20,1046,slate,
hn10518,?,"ואז נחכה, אמר ג'ון.",ג'ון אמר שנמתין.,ג'ון אמר שלא נחכה.,שלא,strong,0.80,0.60,10518,fiction,
hn106888,?,גם נראיתי כמו בן פרנקלין.,הייתה לי דמיון לבנג'מין פרנקלין.,לא נראיתי כמו בן פרנקלין.,לא,strong,0.80,0.20,106888,fiction,
hn110066,?,כל אמריקאי היה בתאונת דרכים.,כל אמריקאי היה מעורב לפחות בתאונת דרכים אחת.,אף אמריקאי לא היה בתאונת דרכים.,לא,strong,0.80,1.00,110066,slate,
hn113569,?,"(בסרט, הרר יודע שהיא בהריון.",הרר יודע שהיא בהריון בסרט.,הארר לא יודע שהיא בהריון בסרט.,לא,strong,0.80,1.00,113569,slate,
hn118412,?,אה; היא השאירה לך פתק.,היא כתבה לך פתק.,היא לא השאירה לך פתק.,לא,strong,0.80,0.60,118412,fiction,
hn119751,?,זה יהיה קרן נאמנות או קרן מיוחדת במקרה של ייעוד (כלומר,זה יהיה קרן מיוחדת.,לא יהיה קרן נאמנות או קרן מיוחדת במקרה של ייעוד.,לא,strong,0.80,0.40,119751,government,
hn123243,?,נטליה כנראה הייתה מרוצה מזה.,נטליה הייתה מרוצה ממה שקרה.,נטליה לא הייתה מרוצה מזה.,לא,strong,0.80,0.60,123243,fiction,
hn126110,?,אני חושב שצריך לאמץ אותו.,אני מאמין שצריך לחבק את זה.,אני לא חושב שצריך לאמץ את זה.,לא,strong,0.80,0.40,126110,fiction,
hn130331,?,הוא עבר את הבדיקה הזאת.,הוא סיים את הבדיקה.,הוא לא עבר את הבדיקה.,לא,strong,0.80,0.60,130331,nineeleven,
hn135382,?,כמובן שזה טווח חדש עבורי.,זה כמובן טווח חדש עבורי.,כמובן שזה לא טווח חדש בשבילי.,לא,strong,0.80,0.80,135382,fiction,
hn143892,?,על הנסיעה שלך אני מצטער.,אני מצטערת על הנסיעה שלך.,אני לא מצטערת על הנסיעה שלך.,לא,strong,0.80,0.80,143892,fiction,
hn144421,?,אפילו הרפובליקנים רגישים לספין הזה.,הרפובליקנים גם כן פגיעים להאמין בספין הזה.,הרפובליקנים לא רגישים לספין הזה.,לא,strong,0.80,0.40,144421,slate,
hn144984,?,"תתכונן, ג'ון אמר לאדרין.",ג'ון אמר לאדרין להתכונן.,ג'ון לא אמר כלום לאדרין.,לא,strong,0.80,0.80,144984,fiction,
hn145707,?,"אז אתה האחיין שלי, נכון?",,"אתה לא האחיין שלי, נכון?",לא,strong,0.80,0.00,145707,fiction,WRITE PARAPHRASE
hn14619,?,גורמים שיש לקחת בחשבון בהערכה,להערכה יש גורמים שיש לקחת בחשבון.,להערכה אין גורמים שיש לקחת בחשבון.,אין,strong,0.80,0.80,14619,government,
hn16426,?,"""איך אתה יודע את זה?""",איך אתה יכול לדעת את זה?,איך אתה לא יכול להגיד את זה?,לא,strong,0.80,0.80,16426,fiction,
hn17276,?,קליימן רדף אחרי קלר מאז.,קלרמן נרדף על ידי קליימן מאז.,קליימן מעולם לא רדף אחרי קלר בשום שלב.,מעולם לא,phrase,0.80,0.40,17276,slate,
hn20143,?,"ראשית, תמריצים חשובים, אפילו לרוצחים.","לרוצחים, תמריצים חשובים.",אפילו תמריצים לא חשובים לרוצחים.,לא,strong,0.80,0.60,20143,slate,
hn23506,?,זה יהיה בדיוק כמו טלוויזיה.,זה יהיה כאילו אנחנו בטלוויזיה.,זה לא יהיה כמו טלוויזיה או תיאטרון.,לא,strong,0.80,0.40,23506,slate,
hn24264,?,מר דנברס אמר לי להיזהר.,,מר דנברס אמר לי לא לדאוג לגבי שום דבר.,לא | שום דבר,"phrase,strong",0.80,0.00,24264,fiction,WRITE PARAPHRASE
hn30866,?,התמודדות עם מסגרות זמן קצרות,,לא מתמודד עם מסגרות זמן קצרות,לא,strong,0.80,0.00,30866,government,WRITE PARAPHRASE
hn31037,?,) מודיעין מקוטע מציע שסין רצתה להעביר כסף לקמפיין של קלינטון.,מודיעין חלקי מראה שסין התכוונה להעביר כסף לקמפיין של קלינטון.,מודיעין מקוטע מראה שסין מעולם לא התכוונה להעביר כסף לקמפיין של קלינטון.,מעולם לא,phrase,0.80,0.70,31037,slate,
hn31532,?,'למה אתה עוקב אחרי ווייט?',מהן הסיבות שלך לעקוב אחר וייט?,למה אתה לא עוקב אחרי מר וייט?,לא,strong,0.80,0.00,31532,fiction,
hn32545,?,"הוא היה גנרל צעיר למדי!""",הוא היה גנרל צעיר.,"הוא היה צעיר, אבל לא גנרל.",לא,strong,0.80,0.80,32545,fiction,
hn3494,?,קאדאן זיהה את הכפפות שלו.,קאדאן היה רגיל ל-,הוא לא זיהה את הכפפות שלו.,לא,strong,0.80,0.20,3494,fiction,
hn36065,?,הנושאים נדונים בניתוח השפעת הרגולציה.,ניתוח השפעת הרגולציה מדבר על הנושאים.,הנושאים אינם כלולים בניתוח השפעת הרגולציה.,אינם,strong,0.80,0.60,36065,government,
hn37883,?,השונות הקלה שהוועדה מצאה בזמן המסלול מתעלמים כאן לצורך הנוחות.,השונות הקלה שהוועדה מצאה בזמן המסלול מתעלמת כאן לצורך הנוחות.,השונות הקלה שהוועדה מצאה בזמן המסלול לעולם לא מתעלמים כאן לנוחות.,לא,strong,0.80,0.90,37883,government,
hn38741,?,האם מישהו משתמש בנייר צבעוני?,אולי חלק מהאנשים משתמשים בנייר צבעוני.,אף אחד לא שואל אם מישהו משתמש בנייר צבעוני.,אף אחד | לא,"phrase,strong",0.80,0.40,38741,slate,
hn39485,?,לפעמים אני חולם על זה.,,"אני אף פעם לא חולם על זה, אף פעם.",אף פעם | לא | אף פעם,"phrase,strong",0.80,0.00,39485,fiction,WRITE PARAPHRASE
hn39703,?,זה מה שיש לנו עכשיו.,,זה לא מה שיש לנו.,לא,strong,0.80,0.00,39703,slate,WRITE PARAPHRASE
hn41400,?,"אבל אתה יודע היכן זה?""","""אבל אתה מכיר את המקום שבו זה נמצא?""","""אבל אתה לא יודע איפה זה, נכון?""",לא,strong,0.80,0.60,41400,fiction,
hn41554,?,"בנוסף, ניתוח ה-CEF כולל סקירה משמעותית של טכנולוגיות ומדיניות תחבורה.",הניתוח של CEF כולל סקירה משמעותית של טכנולוגיות ומדיניות תחבורה.,הניתוח של ה-CEF לא כולל סקירה משמעותית של טכנולוגיות ומדיניות תחבורה.,לא,strong,0.80,0.70,41554,government,
hn43611,?,ראית קצת מלח על המגש?,אז שמת לב שהיה קצת מלח על המגש?,אני יודע שלא ראית מלח על המגש.,שלא,strong,0.80,0.80,43611,fiction,
hn47945,?,אנחנו יודעים את כל זה.,אנחנו מבינים את כל זה.,אנחנו לא יודעים כלום על כל זה.,לא,strong,0.80,0.80,47945,fiction,
hn55048,?,לפחות נראה שהלמס נתן פרובוקציה.,נראה שההתגרות ניתנה על ידי הלמס.,נראה שהלמס אפילו לא נתן פרובוקציה.,לא,strong,0.80,0.20,55048,fiction,
hn57435,?,אני מבין את זה לגמרי.,אני מבין את זה ברמה סבירה.,אני לא מבין את זה בכלל.,לא,strong,0.80,0.80,57435,fiction,
hn58929,?,"להיפך, אנחנו מנסים למצוא אותה.",אנחנו מנסים לאתר אותה.,אנחנו בכלל לא מנסים למצוא אותה.,בכלל לא,phrase,0.80,0.60,58929,fiction,
hn5936,?,אתה יכול להגיע לבלאסטר שלך.,אתה בהישג יד של הבלאסטר שלך.,אתה לא יכול להגיע לקרסוליים שלך.,לא,strong,0.80,0.40,5936,fiction,
hn61485,?,"האם זה כך, מו אמי?""","האם זה נכון, חברי?","מו אמי, האם זה לא נכון?",לא,strong,0.80,0.40,61485,fiction,
hn62358,?,אנחנו גם מתכננים יוזמות חדשות.,אנחנו הולכים לקבל יוזמות חדשות,אנחנו לא מתכננים שום יוזמות חדשות,לא,strong,0.80,0.60,62358,letters,
hn62684,?,הזיכרונות שלכם כנראה דומים מאוד.,לזיכרונות שלכם יש הרבה דמיון.,הזיכרונות שלכם כנראה בכלל לא דומים.,בכלל לא,phrase,0.80,0.20,62684,letters,
hn63251,?,כדאי לשקול את המצב העתידי הצפוי של היצע יצרני הדוודים.,שיקול לגבי מצב העתידי הצפוי של אספקת יצרני הדוודים הוא מאמץ כדאי.,לא כדאי לשקול את המצב העתידי של אספקת יצרני הדוודים.,לא,strong,0.80,0.60,63251,government,
hn64061,?,עם תקני ניהול מוצרי תוכנה.,ישנם תקנים לניהול מוצרי תוכנה.,אין תקני ניהול מוצרי תוכנה.,אין,strong,0.80,0.40,64061,government,
hn67034,?,"פוליאמוריסטים מתחזקים מגזין משלהם, שני כנסים שנתיים ו-250 קבוצות תמיכה.","לפוליאמוריסטים יש את המגזין שלהם, שני כנסים שנתיים ו-250 קבוצות תמיכה.","לבעלי פוליאמוריה אין מגזין משלהם, שני כנסים שנתיים ו-250 קבוצות תמיכה.",אין,strong,0.80,0.60,67034,slate,
hn68055,?,מר קרטר קרא את מחשבותיו.,המחשבות שלו נקראו על ידי מר קרטר.,מר קרטר לא הצליח לקרוא את מחשבותיו.,לא,strong,0.80,0.40,68055,fiction,
hn69281,?,"הם השכנים שלנו, החברים שלנו, העמיתים שלנו.",הם השכנים או החברים שלנו.,הם לא החברים או השכנים שלנו.,לא,strong,0.80,0.80,69281,government,
hn70992,?,"האפיפיור היה ביקורתי, במיוחד בפולין.",האפיפיור היה ביקורתי במקומות אחרים מלבד פולין.,האפיפיור לא היה ביקורתי בפולין.,לא,strong,0.80,0.60,70992,slate,
hn73272,?,רחוב ג'ורג' היה המרכז המסורתי של הרובע הפיננסי של אדינבורו.,הרובע הפיננסי של אדינבורו ממוקם סביב רחוב ג'ורג'.,רחוב ג'ורג' מעולם לא היה הרובע הפיננסי של אדינבורו.,מעולם לא,phrase,0.80,0.70,73272,travel,
hn77293,?,"במקום זאת, בהתאם לסעיף 23 (א)(2) של חוק הבורסה לניירות ערך משנת 1934, 15","בהתאם לסעיף 23 (a)(2) של חוק הבורסה לניירות ערך משנת 1934, 15","לא בהתאם לסעיף 23 (a)(2) של חוק הבורסה לניירות ערך משנת 1934, 15",לא,strong,0.80,0.80,77293,government,
hn77948,?,"עם 80,000 דולר במענקים שהוא ניסה להשיג, סמית' חשב לשכור עורך דין ולשלם ל-","סמית' שקל לשכור עורך דין לאור 80,000 דולר של מענקים שהוא ניסה לרכוש.","למרות 80,000 דולר במענקים שהוא ניסה להשיג, סמית' מעולם לא חשב לשכור עורך דין.",מעולם לא,phrase,0.80,0.60,77948,government,
hn80743,?,היה זה בוקר מאוחר מוקדם.,הבוקר היה מוקדם מאוחר.,לא היה מוקדם ולא מאוחר וגם לא בוקר.,לא | ולא | לא,strong,0.80,0.60,80743,fiction,
hn82159,?,"""אבל יש לך את המתנה.","""יש לך את המתנה, נכון?""","לך אין את המתנה, לי יש.",אין,strong,0.80,0.80,82159,fiction,
hn82409,?,לפחות זה נראה כמו סיגריה.,היה זה מזל שזה נראה כמו סיגריה.,זה לא נראה כמו סיגריה.,לא,strong,0.80,0.80,82409,fiction,
hn83193,?,מי צריך לבצע התערבויות ב-ED?,מי צריך לבצע התערבויות של ED?,מי לא צריך לבצע התערבויות של ED,לא,strong,0.80,0.80,83193,government,
hn83610,?,היא משקיעה רבות במחקר ופיתוח.,היא משקיעה סכום גדול במחקר ופיתוח.,היא לא משקיעה הרבה במחקר ופיתוח.,לא,strong,0.80,0.80,83610,slate,
hn86055,?,פעולות בקרה ספציפיות למערכות מידע,פעילויות בקרה ספציפיות למערכות מידע,פעילויות בקרה כלליות שאינן ספציפיות למערכות מידע.,שאינן,strong,0.80,0.80,86055,government,
hn86113,?,"'איפה המנהיג שלך,' אמר ווייט.",וויט אמר שזה איפה שמנהיגכם נמצא.,"בלאק אמר, ""איפה שלא יהיה המנהיג שלך"".",שלא,strong,0.80,0.40,86113,fiction,
hn89944,?,אני בנימין פרנקלין האמיתי והאחד.,אני בנימין פרנקלין.,אני לא בנימין פרנקלין האמיתי.,לא,strong,0.80,0.60,89944,fiction,
hn92725,?,"כשהוא הסתובב, תורן היה שם.",ת'ורן היה שם כשהפך.,"כשהוא הסתובב, אף אחד לא היה שם.",אף אחד | לא,"phrase,strong",0.80,0.40,92725,fiction,
hn96055,?,שמעתי את השם הזה בעבר.,,מעולם לא שמעתי את השם הזה בחיי.,מעולם לא,phrase,0.80,0.00,96055,fiction,WRITE PARAPHRASE
hn98601,?,אני הולך לעשות את מה שהיינו צריכים לעשות כבר לפני שבוע.,היינו צריכים לעשות את מה שאני עומד לעשות לפני 7 ימים.,אני לא הולך לעשות את מה שהיינו צריכים לעשות לפני 7 ימים.,לא,strong,0.80,0.50,98601,fiction,
hn99264,?,אבל הוא ידע את התשובה.,התשובה הייתה ידועה לו.,"אף אחד לא ידע את התשובה, אפילו לא הוא.",אף אחד | לא | לא,"phrase,strong",0.80,0.20,99264,fiction,
hn108608,?,"אלה כוללים סדנאות, דלפקי עזרה בבתי המשפט, טפסים, כתבי טענות, חבילות עזרה עצמית ומשאבים אחרים לייצוג עצמי בעניינים משפטיים פשוטים.","סדנאות, דלפקי עזרה בבתי משפט, טפסים, תביעות, חבילות עזרה עצמית ומשאבים אחרים לייצוג עצמי נכללו כולם בעניינים משפטיים.","סדנאות, דלפקי עזרה בבתי המשפט, טפסים, כתבי טענות, חבילות סיוע עצמי ומשאבים אחרים לייצוג עצמי מעולם לא נכללו בעניינים משפטיים.",מעולם לא,phrase,0.79,0.68,108608,government,
hn91198,?,גישה אחת לשימוש באב טיפוס כחלק מתהליך פיתוח המערכת תוארה כמודל ספירלי של פיתוח מערכת.,גישה אחת לשימוש באב טיפוס תוארה כמודל ספירלי של פיתוח מערכת.,גישה אחת לשימוש באב טיפוס בהחלט לא תוארה כמודל ספירלי של פיתוח מערכת.,לא,strong,0.79,0.79,91198,government,
hn108864,?,בימים אלה הוא מציע מפלט לאנשי העסקים של מלזיה.,כיום הוא מציע מפלט לאנשי העסקים של מלזיה.,הוא לא מציע מפלט לאנשי העסקים של מלזיה.,לא,strong,0.78,0.78,108864,travel,
hn23777,?,אתה יודע את כל המכתבים האלה שילדים כותבים לסנטה.,אתה יודע את המכתבים שהילדים כותבים לסנטה,אתה לא יודע את המכתבים שילדים כותבים לסנטה.,לא,strong,0.78,0.67,23777,government,
hn23966,?,אנחנו מאוד אסירי תודה על כל מה שסיפרת לנו.,אנחנו באמת מעריכים את כל מה שסיפרת לנו.,אנחנו לא אסירי תודה על מה שסיפרת לנו.,לא,strong,0.78,0.56,23966,fiction,
hn48818,?,אספתי את שטר ה-C שלי במסיבת יום ההולדת ה-21 שלי.,קיבלתי את השטר שלי במהלך מסיבת יום ההולדת ה-21 שלי.,מעולם לא קיבלתי את שטר ה-C שלי במסיבת יום ההולדת שלי.,מעולם לא,phrase,0.78,0.56,48818,slate,
hn49653,?,"האם תיקחי לגברת אינגלת'ורפ את הקפה שלה, סינתיה?","סינתיה, תוכלי לקחת לגברת אינגלתורפ את הקפה שלה?",סינתיה מעולם לא התבקשה להביא לגברת אינגלת'ורפ את הקפה שלה.,מעולם לא,phrase,0.78,0.56,49653,fiction,
hn58304,?,"גלגלי מכונית על כביש חצץ, מאת לוסינדה וויליאמס (מרקורי).",ללסינדה ויליאמס יש שיר שנקרא גלגלי מכונית על דרך חצץ.,גלגלי מכונית על כביש חצץ לא היה של לוסינדה וויליאמס.,לא,strong,0.78,0.44,58304,slate,
hn64460,?,זה מעלה את השאלה כיצד הממשלה הפדרלית יכולה לחסוך אם צמצום החוב הפדרלי המוחזק על ידי הציבור אינו אפשרות.,,"השאלה אינה ""כיצד הממשלה הפדרלית יכולה לחסוך אם הפחתת החוב הפדרלי המוחזק על ידי הציבור אינה אפשרות.""",אינה | אינה,strong,0.78,0.00,64460,government,WRITE PARAPHRASE
hn79735,?,"תזכור מה קונרד היקר והישן אמר עם הסיסמה שלך, לא?","מה אמר קונרד היקר שלנו עם הסיסמא שלך, זוכר?","לא כך, מה אמר קונרד היקר והישן בלי הסיסמה שלך?",בלי,strong,0.78,0.67,79735,fiction,
hn86202,?,ביצועים משוערים ומשאבים הדרושים לשיפוצים בודדים וריבויים של ACI.,נדרשים ביצועים ומשאבים לשיפוצי ACI יחידים ו מרובים.,ביצועים ומשאבים אינם נדרשים לשיפוצים בודדים וריבויים של ACI.,אינם,strong,0.78,0.33,86202,government,
hn8706,?,איך השקעות ממשלתיות משפיעות על החיסכון הלאומי והצמיחה הכלכלית?,באילו דרכים השקעות הממשלה משפיעות על החיסכון הלאומי ועל הצמיחה הכלכלית?,השקעות הממשלה אינן משפיעות כלל על החיסכון הלאומי והצמיחה הכלכלית.,אינן,strong,0.78,0.67,8706,government,
hn88850,?,דמי עיבוד הסחורה קשורים לעלות הפעילות של שירות המכס.,עמלת עיבוד הסחורה קשורה לעלות הפעילות של שירות המכס,דמי הטיפול בסחורות אינם קשורים לעלות הפעילות של שירות המכס.,אינם,strong,0.78,0.78,88850,government,
hn97305,?,מחשבים לבישים (מעבדת המדיה של המכון הטכנולוגי של מסצ'וסטס).,יחידות מחשוב לבישות (מעבדת המדיה של MIT).,מחשבים שאינם לבישים (מעבדת המדיה של מכון הטכנולוגיה של מסצ'וסטס).,שאינם,strong,0.78,0.33,97305,slate,
hn99294,?,הויקינגים גם הציגו מטבעות וטכניקות טובות יותר לבניית ספינות.,בניית ספינות הייתה אחד התחומים שבו הויקינגים הביאו שיפורים.,הויקינגים הציגו טכניקות טובות יותר לבניית ספינות אבל לא מטבעות.,לא,strong,0.78,0.22,99294,travel,
hn18713,?,שליטה אפקטיבית על תשלומים דורשת בדרך כלל בדיקה של חשבוניות לפני אישורן לתשלום.,בקרה אפקטיבית על תשלומים דורשת בדרך כלל בדיקה של חשבוניות לפני אישורן.,בקרה לא אפקטיבית של תשלומים בדרך כלל דורשת בדיקה של חשבוניות לפני אישורן.,לא,strong,0.77,0.85,18713,government,
hn62847,?,אני מקבל תשלום כדי להפוך את הקהילה למקום טוב יותר עבור אנשים פגיעים -- ואני אוהב את זה.,אני אוהב לקבל תשלום כדי להפוך את הקהילה למקום טוב יותר עבור אנשים פגיעים.,אני לא אוהב לקבל תשלום כדי להפוך את הקהילה למקום טוב יותר עבור אנשים פגיעים.,לא,strong,0.76,0.76,62847,government,
hn101538,?,ואז ראיתי את אנקה.,וזה הזמן שאנקה הופיעה.,לא ראיתי את אנקה.,לא,strong,0.75,0.00,101538,fiction,
hn10198,?,מחקרי מקרה של ילדים.,ישנם מחקרי מקרה של ילדים.,אין מחקרי מקרה על ילדים.,אין,strong,0.75,1.00,10198,government,
hn104390,?,הם מחכים לך שם.,,הם לא יחכו לך שם.,לא,strong,0.75,0.00,104390,fiction,WRITE PARAPHRASE
hn107433,?,זאת משבר אמצע החיים.,זו משבר של להיות בגיל העמידה.,זו לא משבר אמצע החיים.,לא,strong,0.75,0.25,107433,slate,
hn10745,?,סיורי אוטובוסים מפריז זמינים.,יש סיורי אוטובוסים מפאריס.,אין סיורי אוטובוס זמינים מפריז.,אין,strong,0.75,0.50,10745,travel,
hn107644,?,יש לי את זה!,,אין לי את זה.,אין,strong,0.75,0.00,107644,fiction,WRITE PARAPHRASE
hn111900,?,היינו מעריכים את זה.,זה היה מוערך.,לא היינו אוהבים את זה מאוד.,לא,strong,0.75,0.25,111900,slate,
hn112530,?,למה הם שלחו אותו?,למה הוא היה כאן?,הם לא שלחו אותו.,לא,strong,0.75,0.25,112530,fiction,
hn113397,?,"לעומת זאת, רכישה של עיצוב ובנייה תשתמש ב-","לעומת זאת, רכישת עיצוב ובנייה תשתמש ב-","לעומת זאת, רכישת עיצוב ובנייה לא תשתמש ב-",לא,strong,0.75,0.75,113397,government,
hn114928,?,למה זה לא עולה יותר?,יש שחושבים שזה צריך לעלות יותר.,אף אחד לא תוהה מדוע זה לא עולה יותר.,אף אחד,phrase,0.75,0.25,114928,slate,
hn118563,?,"'ובכן, אני יכול לגרום לזה לעבוד כמו אדם.'",אני יודע שאני יכול לגרום לזה לעבוד כמו בן אדם.,אני לא מצליח לגרום לזה לעבוד כמו אדם.,לא,strong,0.75,0.88,118563,fiction,
hn118918,?,היה לה הכי קל.,"עבורה, זה היה קל מאוד.",זה בכלל לא היה קל לה.,בכלל לא,phrase,0.75,0.50,118918,fiction,
hn119184,?,"מה אתה רוצה לדעת?""",למה אתה רוצה לדעת?,למה אתה לא רוצה לדעת?,לא,strong,0.75,0.75,119184,fiction,
hn119256,?,"איך אתה מתכוון ""בזכותך?","מה אתה מתכוון ב""בזכותך""?","למה אתה מתכוון ב""לא בזכותך""?",לא,strong,0.75,0.75,119256,fiction,
hn119350,?,הנערה הניעה ראשה בתמיהה.,היא תהתה כשניערה את ראשה.,הנערה לא הניעה את ראשה.,לא,strong,0.75,0.25,119350,fiction,
hn120358,?,מחושב על ידי חיסור בתוך אותה מחלקת גודל.,בת זוגי סיפרה לכולם שהיא לסבית.,מחושב על ידי חיבור לא בתוך אותה קטגוריית גודל.,לא,strong,0.75,0.00,120358,slate,
hn121598,?,"כמובן, אם ארה""ב",לדיוויד ביי יש צוות של שבעה עורכי דין שעבדו אצלו במשך שנים.,"לא אם ארה""ב.",לא,strong,0.75,0.00,121598,government,
hn125278,?,בריכות עירוניות זמינות לשחייה.,אתה יכול לשחות בבריכות העירוניות.,אין בריכות עירוניות הזמינות לשחייה.,אין,strong,0.75,0.00,125278,travel,
hn12541,?,חשבונות ממשלתיים בתקציב המאוחד.,החשבונות בתוך התקציב המאוחד היו שייכים לממשלה.,לתקציב המאוחד אין חשבונות ממשלתיים.,אין,strong,0.75,0.25,12541,government,
hn127343,?,"פנינים לפני חזירים, אכן.","אכן, פנינים לפני חזירים.","בשום אופן, לא פנינים לפני חזירים.",בשום אופן | לא,"phrase,strong",0.75,1.00,127343,slate,
hn129448,?,"טים, אני תומך בנשיא.","טים, אני מסכים עם הנשיא הנוכחי.","טים, אני לא תומך באף אחת מעמדות הנשיאים.",לא | באף אחת,"phrase,strong",0.75,0.50,129448,slate,
hn131343,?,נניח שמר בראון ג'וליוס היה שם ומחכה... .,בהנחה שמר בראון ג'וליוס כבר היה שם...,בהנחה שמר בראון ג'וליוס אפילו לא היה שם...,לא,strong,0.75,0.75,131343,fiction,
hn133467,?,אתה חייב לי הכול!,מילאתי תפקיד ענק בלהביא אותך למקום שבו אתה נמצא!,אתה לא חייב לי כלום.,לא,strong,0.75,0.25,133467,fiction,
hn133705,?,היו גם שינויים אחרים.,"כמו כן, היו שינויים אחרים.","גם, לא היו שינויים.",לא,strong,0.75,0.75,133705,travel,
hn135041,?,עמק קטמנדו עצמו הותקף בשנת 1336 על ידי הסולטן המוסלמי של בנגל.,הסולטן המוסלמי של בנגל פתח במתקפה על העמק ב-1336.,עמק קטמנדו עצמו מעולם לא נבזז בהצלחה על ידי הסולטן המוסלמי של בנגל.,מעולם לא,phrase,0.75,0.42,135041,travel,
hn137135,?,אבל מייס זיהה אותו!,"בכל אופן, מייס ידע מי הוא!",אפילו מייס לא זיהה אותו.,לא,strong,0.75,0.25,137135,fiction,
hn137803,?,אני לא זוכר איך אומרים 'כבה את האור' ב-Przyrolarouish.,"אני לא זוכר איך אומרים "" לכבות את האור"" בשפת הפרירולארואיש.",אף פעם לא ידעתי איך אומרים 'כבה את האור' ב-Przyrolarouish.,אף פעם,phrase,0.75,0.75,137803,fiction,
hn138259,?,אבל אשאל את בוריס.,אשאל את בוריס.,אני לא אשאל את בוריס בכלל.,לא,strong,0.75,0.75,138259,fiction,
hn139243,?,שר הבריאות ושירותי האנוש,מזכיר הבריאות ושירותי האנוש,לא מזכיר הבריאות ושירותי האנוש,לא,strong,0.75,0.75,139243,government,
hn1416,?,נימוסים טובים אפשר לטפח.,ניתן לטפח נימוסים טובים.,בלתי אפשרי לחלוטין לטפח נימוסים טובים.,בלתי,strong,0.75,0.75,1416,slate,
hn143032,?,אבחנות ומרשמים דומים מופיעים בטקסי השבעה מאוחרים יותר.,אבחונים ומרשמים אלה דומים לאלה שבחנוכות קודמות.,אבחנות ומרשמים לא מופיעים בנאומי השבעה מאוחרים יותר.,לא,strong,0.75,0.25,143032,slate,
hn143974,?,אני צריך את עזרתך.,אני צריך עזרה ממך.,אני לא צריך את העזרה שלך.,לא,strong,0.75,0.50,143974,fiction,
hn144515,?,'עשיתי את זה בעבר.,,מעולם לא עשיתי את זה קודם.,מעולם לא,phrase,0.75,0.00,144515,fiction,WRITE PARAPHRASE
hn15139,?,"נקבל תנאים טובים מאוד; _מאוד_ טובים.""",התנאים שאנחנו נקבל יהיו טובים.,כנראה שלא נקבל תנאים טובים.,שלא,strong,0.75,0.50,15139,fiction,
hn15578,?,ראית את המכתב הזה?,,לא ראית את המכתב!,לא,strong,0.75,0.00,15578,fiction,WRITE PARAPHRASE
hn19502,?,אבל אתה יכול לגלות?,אתה יכול לגלות.,אתה בהחלט לא יכול לגלות.,לא,strong,0.75,0.75,19502,fiction,
hn20824,?,"במקרה זה, ביצוע מהיר יותר אפשרי מזה המוצג במוצג A-5 בנספח A.",,אין ביצוע מהיר יותר אפשרי מזה המוצג בנספח A-5 בנספח A.,אין,strong,0.75,0.00,20824,government,WRITE PARAPHRASE
hn23704,?,"זה היה רק טבעי.""",זה היה טבעי.,זה לא היה טבעי.,לא,strong,0.75,0.75,23704,fiction,
hn24303,?,הם כוללים שירות ישיר.,שירות ישיר הוא חלק מזה.,הם מעולם לא כללו שירות ישיר.,מעולם לא,phrase,0.75,0.50,24303,government,
hn25958,?,כולם אישרו את דעתי.,כולם אמרו דברים שהיו עקביים עם מה שכבר חשבתי.,חלקם לא אישרו את דעתי.,לא,strong,0.75,0.25,25958,fiction,
hn26245,?,אנחנו רוצים שזה יקרה.,אנו מקווים שזה יקרה.,אנחנו מתפללים שזה לא יקרה.,לא,strong,0.75,0.50,26245,fiction,
hn2706,?,"בהחלט, אמר ד""ר","כן, אמר ד""ר.","לא, אמר ד""ר",לא,strong,0.75,0.75,2706,fiction,
hn31498,?,הקאעה הובילה לחדרי המשפחה.,קאעה הראה את הדרך לחדרי המשפחה.,הקאעה לא התקרב לחדרי המשפחה.,לא,strong,0.75,0.50,31498,travel,
hn32369,?,"כמו הודו, הוסיף ביילי.",ביילי הוסיף כמו בהודו.,ביילי לא הוסיף כלום על הודו.,לא,strong,0.75,0.75,32369,slate,
hn33166,?,הוא היה צריך ללכת.,היה הכרח שהגבר ילך.,הוא לא היה חייב ללכת.,לא,strong,0.75,0.25,33166,fiction,
hn34271,?,אך כל מסורת היא מרכיב בגדולתה של ירושלים.,כל מסורת תורמת לגדולתה של ירושלים והיא חלק ממנה.,כל מסורת אינה מרכיב בגדולתה של ירושלים.,אינה,strong,0.75,0.50,34271,travel,
hn35798,?,הבודק יכול לאחר מכן למדוד את התקדמות האבטיפוסים מול הקריטריונים של הסוכנות.,לאחר מכן יכול המבקר למדוד את התקדמות הפרוטוטיפים של הפרוטוטיפים מול הקריטריונים של הסוכנות,הבודק לא יכול למדוד את התקדמות האבות טיפוס של האבות טיפוס מול הקריטריונים של הסוכנות,לא,strong,0.75,0.83,35798,government,
hn36782,?,הבנתי את המטרה שלו.,הבנתי.,לא הבנתי את הנקודה שלו.,לא,strong,0.75,0.25,36782,fiction,
hn37858,?,בירת האי היא מירנה.,מירנה היא בירת האי.,מירנה כבר לא בירת האי.,לא,strong,0.75,1.00,37858,travel,
hn38506,?,"פיקדילי 44 סירקוס, למשל.","לדוגמה, פיקדילי 44 סירקוס.","לא פיקדילי 44 סירקוס, בוודאי.",לא,strong,0.75,0.75,38506,fiction,
hn39021,?,"ובכן, אתה יודע לבשל.",אתה יודע לבשל.,אתה לא יודע לבשל.,לא,strong,0.75,0.75,39021,fiction,
hn43556,?,"""זה הגיוני,"" העיר אנס.","""זה הגיוני,"" אמר אנס.","""זה לא הגיוני"", אמר אנס.",לא,strong,0.75,0.75,43556,fiction,
hn44279,?,האם אתה מעליב אותי?,אתה מעליב אותי?,אתה לא מעליב אותי?,לא,strong,0.75,0.75,44279,slate,
hn44336,?,כולם הבינו שהמטוס נחטף.,כולם ידעו על החטיפה.,רוב האנשים לא הבינו שהמטוס נחטף.,לא,strong,0.75,0.25,44336,nineeleven,
hn44538,?,"אני חייב לומר משהו.""",,אני לא חייב לומר כלום.,לא,strong,0.75,0.00,44538,fiction,WRITE PARAPHRASE
hn47301,?,וסנטאיאנה ביקש ממני להוסיף שאלו שאינם יכולים לזכור את העבר נידונים לחזור עליו.,סנטיאנה ביקש שאוסיף שאלו ששוכחים את העבר נידונים לחזור עליו.,סנטיאנה לא ביקש ממני להוסיף שאלו ששוכחים את העבר נידונים לחזור עליו.,לא,strong,0.75,0.58,47301,government,
hn47615,?,"עד שאמצא את החוליה האחרונה בשרשרת שלי, אני חייב להישאר מאחורי הקלעים.",אני חייב להישאר מאחורי הקלעים עד שיהיה לי החוליה האחרונה בשרשרת שלי.,אני לא חייב להישאר מאחורי הקלעים בלי החוליה האחרונה בשרשרת שלי.,לא | בלי,strong,0.75,0.83,47615,fiction,
hn48065,?,"'בהחלט בטוח, מר הרשיימר.","כן, אני בטוח, מר הרשיימר.","לא, אני לא בטוח, מר הרשיימר.",לא | לא,strong,0.75,0.75,48065,fiction,
hn48561,?,היא רצתה אותי בחזרה.,היא רצתה שאחזור.,היא לא רצתה בי בחזרה בכלל.,לא,strong,0.75,0.50,48561,fiction,
hn51257,?,כי היא אמרה כך.,כי היא אמרה זאת.,היא לא אמרה כך.,לא,strong,0.75,0.75,51257,slate,
hn53748,?,זה כמו להכות במים.,זה דומה להכאת מים.,זה בשום אופן לא כמו לחבוט במים.,בשום אופן | לא,"phrase,strong",0.75,0.25,53748,slate,
hn53991,?,ויש לנו את המיליציה.,המיליציה היא שלנו.,אין לנו את המיליציה.,אין,strong,0.75,0.25,53991,fiction,
hn55530,?,זו עמדה פסיבית מדי.,עמדה זו פאסיבית מדי.,עמדה זו לא מספיק פסיבית.,לא,strong,0.75,0.75,55530,slate,
hn56118,?,עשיתי את הפעלול הרגיל.,,לא עשיתי את הרגיל.,לא,strong,0.75,0.00,56118,fiction,WRITE PARAPHRASE
hn58493,?,קאדן אומר שזה בטוח.,קא'דאן נראה חושב שזה בטוח.,קאדאן אומר שזה לא בטוח.,לא,strong,0.75,0.50,58493,fiction,
hn59862,?,עבודת ההשפעה חשובה מאוד...,הכותב מחשיב עבודת השפעה כחשובה מאוד.,עבודת ההשפעה אינה חשובה כלל.,אינה,strong,0.75,0.50,59862,government,
hn61554,?,תוכנית האנרגיה של הנשיא הולכת אפילו רחוק יותר.,,תוכנית האנרגיה של הנשיא לא הולכת רחוק מאוד.,לא,strong,0.75,0.00,61554,government,WRITE PARAPHRASE
hn62572,?,קסוויק מהווה בסיס טוב לסיור בפארק הלאומי ובצפון-מערב.,"אם אתה רוצה לסייר בפארק הלאומי ובצפון-מערב, קסוויק היא בסיס טוב.",קסוויק אינו בסיס טוב לסיור בפארק הלאומי.,אינו,strong,0.75,0.75,62572,travel,
hn63818,?,האם חשבתי שהיא בחיים?,הייתי צריך לשאול אם היא בחיים.,לא חשבתי שהיא עדיין בחיים בכלל.,לא,strong,0.75,0.25,63818,fiction,
hn63906,?,לפחות זו הייתה התיאוריה.,"לכל הפחות, זו הייתה התאוריה.",זו בהחלט לא הייתה התיאוריה.,לא,strong,0.75,0.50,63906,slate,
hn64062,?,הנחיות לאימון אבטחת מחשבים.,זו רשימת הנחיות להכשרה באבטחת מחשבים.,אין הנחיות להכשרת אבטחת מחשבים.,אין,strong,0.75,0.50,64062,government,
hn64157,?,איפה סוזן? אמר גבריאל.,גבריאל רצה לדעת היכן סוזן נמצאת.,גבריאל לא טרח לשאול איפה סוזן.,לא,strong,0.75,0.50,64157,fiction,
hn6450,?,(הניו יורקר כתב על הנושא הזה לפני חודש.),לפני כחודש הניו יורקר כתב על זה.,הניו יורקר אף פעם לא כתב על הנושא הזה.,אף פעם | לא,"phrase,strong",0.75,0.62,6450,slate,
hn6478,?,"ובכן, הוא כן, אדוני.","אדוני, ובכן, הוא עשה.","אדוני, ובכן, הוא לא.",לא,strong,0.75,0.75,6478,fiction,
hn6836,?,זה היה אחד מהם.,זה אחד מהם.,"זה לא אחד מהם; כשיבואו, תדע.",לא,strong,0.75,0.75,6836,fiction,
hn76786,?,תקציב של 8 מיליון דולר נגזר כמעט לחלוטין ממענקים של תאגיד השירותים המשפטיים.,מענקי התאגיד לשירותים משפטיים הניבו 8 מיליון.,תקציב של 8 מיליון לא נגזר ממענקים של תאגיד השירותים המשפטיים.,לא,strong,0.75,0.17,76786,government,
hn76858,?,החלטתי לנסות את זה.,ניסיתי את זה.,לא העזתי לנסות את זה.,לא,strong,0.75,0.50,76858,government,
hn78050,?,גם הם תמכו במכרות.,המכרות נתמכו על ידי,הם לא תמכו במכרות.,לא,strong,0.75,0.00,78050,fiction,
hn78869,?,אבל הוא צריך עזרה.,אבל הוא זקוק לעזרה.,"הוא לא צריך עזרה, הוא בסדר לבד.",לא,strong,0.75,0.50,78869,slate,
hn80062,?,", סוגי ספקים או טכנולוגיות).",סוגי ספקים או טכנולוגיות זמינים.,אין סוגי ספקים של טכנולוגיות המוצעות.,אין,strong,0.75,1.00,80062,government,
hn81382,?,זאת תהיה עבודה קשה.,,זו לא תהיה עבודה קשה.,לא,strong,0.75,0.00,81382,fiction,WRITE PARAPHRASE
hn83216,?,יתרונות סביבתיים ובריאותיים של רכבים ודלקים נקיים יותר.,ישנם יתרונות סביבתיים ובריאותיים למכוניות ודלקים נקיים יותר.,אין יתרונות סביבתיים ובריאותיים למכוניות ודלקים נקיים יותר.,אין,strong,0.75,0.75,83216,government,
hn8404,?,השתנה הרבה במהלך השנים.,,לא השתנה בכלל במהלך השנים.,לא,strong,0.75,0.00,8404,government,WRITE PARAPHRASE
hn8616,?,הוא חייב לנסות שוב.,הוא יצטרך לנסות שוב.,הוא לא צריך לטרוח לנסות שוב.,לא,strong,0.75,0.75,8616,fiction,
hn87381,?,אה! למה הוא התכוון?,אני מבין. מה הוא התכוון בזה?,אה. למה הוא לא אמר כלום?,לא,strong,0.75,0.50,87381,fiction,
hn88371,?,"אני רוצה לדבר איתו.""",מישהו רוצה לדבר איתו.,אף אחד לא רוצה לדבר איתו.,אף אחד | לא,"phrase,strong",0.75,0.75,88371,fiction,
hn91390,?,"בזמן הביקורת שלנו, מרכז הלוגיסטיקה היה בדרך לעמוד ביעדיו או לעלות עליהם.",מרכז הלוגיסטיקה היה בדרך הנכונה לעמוד ביעדיו או לעלות עליהם.,מרכז הלוגיסטיקה לא היה בדרך הנכונה לעמוד ביעדיו או לעלות עליהם.,לא,strong,0.75,0.75,91390,government,
hn91774,?,התקנת מערכת FGD דורשת כמות משמעותית של עבודה.,נדרשת עבודה רבה כדי להתקין את מערכת FGD.,לא יידרש כמות משמעותית של עבודה להתקנת מערכת FGD.,לא,strong,0.75,0.38,91774,government,
hn92188,?,זה השם שלך עכשיו.,ועכשיו יש לך את השם הזה.,זה כבר לא השם שלך.,לא,strong,0.75,0.25,92188,fiction,
hn93273,?,גישה זו מבטיחה דרכים מעשיות להשגת מידע נוסף.,גישה זו מבטיחה דרכים ללכידת מידע.,גישה זו מבטיחה דרכים לא יעילות להשגת מידע.,לא,strong,0.75,0.62,93273,government,
hn93900,?,"אני מנסה להתרחק מתעשיית המשכנתאות בקולורדו, הוא אמר.",הוא הצהיר שהוא מנסה להתרחק מתעשיית המשכנתאות בקולורדו.,הוא לא מנסה להתרחק מתעשיית המשכנתאות בקולורדו,לא,strong,0.75,0.75,93900,government,
hn94120,?,הנתונים מאורגנים על ידי 26 תקופות השכר בשנה.,6 תקופות התשלום מארגנות את הנתונים.,הנתונים אינם מאורגנים לפי 26 תקופות השכר בשנה.,אינם,strong,0.75,0.25,94120,government,
hn95462,?,שבעת החרבות ידעו זאת.,שבעת החרבות היו מודעים.,שבעת החרבות לא ידעו את-,לא,strong,0.75,0.50,95462,fiction,
hn9635,?,הרופא תפר את רגלה.,,הרופא לא תפר לה את הרגל.,לא,strong,0.75,0.00,9635,oup,WRITE PARAPHRASE
hn105595,?,רוב אנשי הצבא בשירות פעיל פועלים על פי מערכות מבוססות חריגים.,מערכות מבוססות חריגים הן מה שמצופה מרוב אנשי הצבא הפעילים לעקוב אחריהם.,רוב אנשי הצבא בשירות פעיל לא פועלים לפי מערכות מבוססות חריגות.,לא,strong,0.73,0.45,105595,government,
hn108760,?,"ליד מוזיאון הסופרים נמצא בית המשפט ג'יימס, שנבנה בשנות ה-1720.",בית המשפט ג'יימס נבנה בשלב כלשהו בשנות ה-1720.,מוזיאון הסופרים אינו נמצא ליד בית המשפט ג'יימס.,אינו,strong,0.73,0.55,108760,travel,
hn136934,?,המושג של אחריות למשאבים ציבוריים הוא מובנה בתהליכי הממשל של האומה שלנו.,המושג של אחריות על משאבים ציבוריים טבוע בתהליכי השלטון של האומה,המושג של אחריות למשאבים ציבוריים אינו טבוע בתהליכי הממשל של האומה.,אינו,strong,0.73,0.55,136934,government,
hn144899,?,הניתוח גם דן באלטרנטיבות הרגולטוריות ש-FDA שקלה בעת ניסוח הצעת החוק.,האלטרנטיבות הרגולטוריות ש-FDA שקלה בעת ניסוח ההצעה נדונות גם בניתוח.,הניתוח אינו דן באלטרנטיבות הרגולטוריות שה-FDA שקלה בעת ניסוח הצעת הכלל.,אינו,strong,0.73,0.55,144899,government,
hn29948,?,המשתתפים מקבלים ייעוץ אינטנסיבי כדי לעזור להם לפתח תוכניות מעבר אישיות.,משתתפים מקבלים ייעוץ אינטנסיבי כדי לעזור להם לפתח תוכניות מעבר אישיות.,משתתפים לא מקבלים ייעוץ אינטנסיבי שיעזור להם לפתח תוכניות מעבר אישיות.,לא,strong,0.73,0.91,29948,government,
hn53046,?,"זה לכאן, הוא אמר, ""עד כה, ראינו את המקרה רק מבחוץ.","""עד כה, ראינו רק את המקרה מבחוץ,"" הוא אמר.","הוא אמר, ""עד כה לא ראינו את המקרה מבחוץ.""",לא,strong,0.73,0.82,53046,fiction,
hn100910,?,כיצד רפורמת מדיקר תשפיע על החיסכון הלאומי?,רפורמת מדיקר עשויה להשפיע על החיסכון הלאומי בדרך כלשהי.,אין ספק שרפורמת מדיקר לא תשפיע על החיסכון הלאומי.,אין | לא,strong,0.71,0.71,100910,government,
hn107610,?,שוחזר בצורה יפהפייה לאחר שריפה הרסנית ב-1984.,לאחר שריפה הרסנית בשנת 1984 הוא שוחזר מאז.,"לאחר שריפה הרסנית ב-1984, הוא לא שוחזר.",לא,strong,0.71,0.57,107610,travel,
hn113693,?,"למרות שחלה התקדמות כלשהי, הבעיות נמשכות וממשיכות לתרום לעלויות עיבוד ומשלוח דואר גבוהות יותר.",בעיות נמשכות וממשיכות לתרום לעלויות גבוהות יותר של עיבוד ודואר ומשלוח.,הבעיות נמשכות וממשיכות לא לתרום לעלויות עיבוד ומשלוח דואר גבוהות יותר.,לא,strong,0.71,0.57,113693,government,
hn115758,?,יצירת סיווגי נתונים סטנדרטיים והגדרות קשורות כדי להקל על הגנה על נתונים המשותפים בין שתי יחידות עסקיות או יותר.,יצירת הגדרות קשורות יכולה להקל על הגנה על הנתונים המשותפים בין יחידות עסקיות.,יצירת סיווגי נתונים סטנדרטיים לא מקלה על הגנה על נתונים משותפים בין שתי יחידות עסקיות או יותר.,לא,strong,0.71,0.53,115758,government,
hn125425,?,"אני מניח שאנחנו יכולים לקרוא לה כך?""",אני מניח שזה משהו שאנחנו יכולים לקרוא לה?,אני לא חושב שאנחנו יכולים לקרוא לה ככה.,לא,strong,0.71,0.86,125425,fiction,
hn129423,?,יש לנקוט בזהירות לפני שמבצעים את העודפים הצפויים לשינויים קבועים בצד ההכנסות או ההוצאות.,מומלץ לנקוט משנה זהירות לפני שמחויבים העודפים הצפויים לשינויים קבועים בצד ההכנסות או ההוצאות.,אין צורך בזהירות לפני הקצאת העודפים הצפויים לשינויים קבועים בצד ההכנסות או ההוצאות.,אין,strong,0.71,0.71,129423,government,
hn131638,?,מידע על משמורת שנתית של הון אנושי,מידע שנתי על משמורת הון אנושי.,לא מידע שנתי על משמורת הון אנושי.,לא,strong,0.71,0.71,131638,government,
hn136734,?,אתה רוצה להאמין שהוא ביצע את הפשע.,אתה רק מאחל שהוא ביצע את הפשע הזה?,אתה לא מאמין שהוא ביצע את הפשע.,לא,strong,0.71,0.71,136734,fiction,
hn138669,?,איך אפשר להבחין בין ראיית הנולד לפחד?,איך אתה יכול לקבוע מה זה פחד ומה זה משהו אחר?,לעולם אי אפשר להבחין בין ראיית הנולד לפחד.,אי אפשר,phrase,0.71,0.14,138669,slate,
hn140609,?,האוכל היה שווה את זה בדרך כלל.,האוכל היה בדרך כלל די סביר.,האוכל היה נורא ולא שווה את זה לעולם.,ולא,strong,0.71,0.57,140609,fiction,
hn143946,?,קודם לכן הוא העדיף בתי ספר מקיפים.,הוא העדיף בתי ספר מקיפים בעבר.,הוא מעולם לא העדיף בתי ספר מקיפים בשום שלב.,מעולם לא,phrase,0.71,0.71,143946,slate,
hn144399,?,הוא מטפל בבעיות לאורך חייו של המטופל.,"במהלך חייו של המטופל, הוא מטפל בבעיות.",הוא אינו מטפל בבעיות לאורך חיי המטופל.,אינו,strong,0.71,0.86,144399,government,
hn144568,?,"בעשותו זאת, הקונגרס עדיין יצטרך להחזיק סוכנויות אחראיות למשימות ביטחון המולדת שאינן משולבות במחלקה החדשה.","בביצוע פעולה זו, הקונגרס יידרש להטיל אחריות על סוכנויות לביצוע משימות של ביטחון המולדת.","בעשותו זאת, הקונגרס לא יצטרך להחזיק סוכנויות אחראיות למשימות של ביטחון המולדת.",לא,strong,0.71,0.29,144568,government,
hn17601,?,"נעבור על זה שוב מחר, אמר טומי.",טומי אמר שנעבור על זה מחר.,"לעולם לא נדבר על זה שוב, אמר טומי.",לא,strong,0.71,0.71,17601,fiction,
hn22684,?,מחקר זה ימומן על ידי מענק סיוע טכני של LSC ויתואם עם מחקר עמיתים של ABA.,מחקר זה ימומן על ידי מענק סיוע טכני של LSC,מחקר זה לא ימומן על ידי מענק סיוע טכני של LSC,לא,strong,0.71,0.71,22684,government,
hn25235,?,"יש כאן לקח חשוב, אמר ג'ון.",ג'ון אמר שיש כאן שיעור חשוב.,ג'ון אמר שיש פה לקח לא חשוב.,לא,strong,0.71,0.71,25235,fiction,
hn31351,?,"אתה תיתן לו את כל השאר, נכון?""",האם תתן לו את כל השאר?,"אתה לא הולך לתת לו את השאר, נכון?",לא,strong,0.71,0.57,31351,fiction,
hn32511,?,אחד מנציגי הסוכנות ציין שניתן לפתור את בעיית העומס במערכת על ידי פיתוח מערכות לאחזור מידע מראש שיתאימו לנפחי תעבורה גדולים.,אחד מנציגי הסוכנות ציין שניתן לפתור את בעיית העומס במערכת על ידי פיתוח מערכות לאחזור מידע,אף אחד מנציגי הסוכנות לא ציין שניתן לפתור את בעיית העומס במערכת על ידי פיתוח מערכות לאחזור מידע,אף אחד | לא,"phrase,strong",0.71,0.76,32511,government,
hn32813,?,אני מקווה שפרד גולדמן ימצא את זה.,אני מקווה שגולדמן מוצא את זה.,אני מקווה שגולדמן לעולם לא ימצא את זה.,לא,strong,0.71,0.57,32813,slate,
hn35645,?,"ובפעם המאה, אני אגיד לך שאתה כאן.",,אני לא אגיד לך שאתה כאן.,לא,strong,0.71,0.00,35645,fiction,WRITE PARAPHRASE
hn36240,?,הוועדה יכולה וצריכה לעשות יותר בתחום זה.,"זהו תחום שבו הוועדה יכולה לעשות יותר, ועליה לעשות זאת.",הוועדה אינה יכולה לעשות דבר נוסף בתחום זה.,אינה,strong,0.71,0.57,36240,government,
hn43513,?,"אני בטוח בזה כאילו ראיתי אותו בפעולה.""",אני בטוח בכך כמו שהייתי רואה אותו בפעולה.,אני לא בטוח כי מעולם לא ראיתי אותו בפעולה.,לא | מעולם לא,"phrase,strong",0.71,0.57,43513,fiction,
hn44328,?,"בשנת 1999, נוספו 100 ציורים נוספים לאוסף.",בשנת 1999 נוספו לאוסף 100 ציורים.,לא נוספו ציורים נוספים בשנת 1999.,לא,strong,0.71,0.86,44328,travel,
hn52013,?,טיים מזהה חינוך דו לשוני גזעי חדש.,הזמן רואה חינוך דו-לשוני גזעי חדש.,הזמן לא רואה חינוך דו לשוני גזעי חדש.,לא,strong,0.71,0.43,52013,slate,
hn61663,?,מידע המהווה את הבסיס להזנת נתונים למחשב.,מידע שהוא הבסיס להזנת נתונים למחשב.,מידע שאינו הבסיס להזנת נתונים למחשב.,שאינו,strong,0.71,0.71,61663,government,
hn65023,?,(לדייב דאפילד יש כמה ילדים מאומצים במשפחתו.),,לדייב דאפילד אין ילדים מאומצים במשפחתו.,אין,strong,0.71,0.00,65023,slate,WRITE PARAPHRASE
hn66246,?,וודוורד יוכל בקרוב לעזוב את ארצות הברית.,"וודוורד יכול לעזוב את ארה""ב.",וודוורד לא יעזוב את ארצות הברית בקרוב.,לא,strong,0.71,0.43,66246,slate,
hn68196,?,"שנית, מספר הסדרים מיוחדים של תעריפים יופסקו.",הסדרים רבים של תעריפים מיוחדים יופסקו.,לא יופסקו הסדרים מיוחדים של תעריפים.,לא,strong,0.71,0.71,68196,government,
hn72134,?,אבל אני מניח שהדור החדש קצת שונה.,יש הבדלים בדור החדש הזה.,אני מניח שהדור החדש הזה לא שונה בשום דבר.,לא | בשום דבר,"phrase,strong",0.71,0.14,72134,fiction,
hn72750,?,הם יותר מעוניינים בהתייסרות עצמית רוחנית ובהתחדשות.,הם מתעניינים במידה מסוימת בהלקאה עצמית רוחנית ובחידוש.,הם לא מתעניינים כלל בהתייסרות עצמית רוחנית ובהתחדשות.,לא,strong,0.71,0.43,72750,slate,
hn7733,?,"אתה מבין את זה, אמר ג'ון.",ג'ון אמר שהאדם יקבל את זה.,ג'ון אמר שאף אחד לא יבין את זה.,שאף אחד | לא,"phrase,strong",0.71,0.71,7733,fiction,
hn81982,?,"הייתה לו עבודה לעשות, וכך גם לי.",לו ולי היו עבודות לעשות.,"הייתה לו עבודה לעשות, אבל לי לא.",לא,strong,0.71,0.29,81982,slate,
hn83690,?,הדגמת אמינות המוצר מציינת שהמוצר מוכן לייצור,אמינות המוצר שווה למוצר מוכן לייצור.,הדגמת אמינות המוצר אינה מרמזת שהמוצר טוב לייצור.,אינה,strong,0.71,0.57,83690,government,
hn91110,?,"במערכת זו, משתמשים יכולים להגיש תגובות אלקטרוניות.",משתמשים יכולים להגיש הערות אלקטרוניות במערכת זו.,"במערכת זו, משתמשים לא יכלו להגיש הערות אלקטרוניות.",לא,strong,0.71,0.86,91110,government,
hn94179,?,"בסביבה של ימינו, ארגונים חייבים להיות יצירתיים.",לארגונים חייבת להיות יצירתיות בסביבה הנוכחית.,ארגונים לא חייבים להיות יצירתיים בסביבה זו.,לא,strong,0.71,0.29,94179,government,
hn101116,?,"סיוע משפטי מבוקש גם לפציעות בעבודה, ובעיות בריאות ובטיחות אחרות.","סיוע משפטי מבוקש לפציעות בעבודה, ובעיות בריאות ובטיחות אחרות.",לא מבקשים סיוע משפטי לפציעות בעבודה ולבעיות בריאות ובטיחות אחרות.,לא,strong,0.70,0.90,101116,government,
hn102097,?,החקיקה חייבת לעבור את שלב השימוע עד יום חמישי הבא.,,החקיקה לא חייבת לעבור עד יום חמישי הבא.,לא,strong,0.70,0.00,102097,government,WRITE PARAPHRASE
hn113042,?,ג'ורג' מקללן יוצא לגמלאות כדי להציל את צבא האיחוד.,הוא יצא מהפרישה להציל את הצבא.,אפילו ג'ורג' מקללן לא הצליח להציל את צבא האיחוד.,לא,strong,0.70,0.20,113042,slate,
hn115650,?,בינתיים הוא היה מודע לבחינה הקפדנית של סר ג'יימס.,סר ג'יימס עקב אחריו מקרוב.,הוא לא היה מודע לתשומת הלב של סר ג'יימס.,לא,strong,0.70,0.30,115650,fiction,
hn117193,?,ניתן להעריך את האדריכלות הסיקית גם במקדש דורג'יאנה הסמוך.,מישהו מעריך את הארכיטקטורה הסיקית במקדש דורג'יאנה הסמוך.,אף אחד לא מעריך את האדריכלות הסיקית במקדש דורג'יאנה הסמוך.,אף אחד | לא,"phrase,strong",0.70,0.60,117193,travel,
hn121092,?,היא שמעה שאומרים שהוא עשוי יום אחד להיות ראש ממשלה.,מישהו אמר שהוא עוד עלול להיות ראש ממשלה יום אחד.,אף אחד לא רמז שהוא עשוי להיות ראש ממשלה יום אחד.,אף אחד | לא,"phrase,strong",0.70,0.60,121092,fiction,
hn20359,?,"וושינגטון די.סי.: מועצת המושלים של הבנק הפדרלי, דצמבר 2000.",מועצת המושלים היא חלק מהפדרל ריזרב.,מועצת המושלים של הבנק הפדרלי אינה נמצאת בוושינגטון די.סי.,אינה,strong,0.70,0.20,20359,government,
hn22365,?,המסורת המודרנית דורשת שתטפסו דרך המפלים המבעבעים כחלק משרשרת אנושית.,המסורת המודרנית דורשת שתטפס דרך המפלים כחלק משרשרת אנושית.,המסורת המודרנית דורשת שתטפסו דרך המפלים המבעבעים מבלי לגעת באף אחד לידכם.,מבלי | באף אחד,"phrase,strong",0.70,0.80,22365,travel,
hn42892,?,הוא יכול גם לספק ארוחת צהריים במסעדה אם תתקשרו מראש.,"אם תתקשרו מראש, ניתן לספק ארוחת צהריים במסעדה.","לא ניתן לספק ארוחת צהריים במסעדה, אפילו אם תתקשרו מראש.",לא,strong,0.70,0.70,42892,travel,
hn49436,?,כלים שפותחו על ידי הממשלה או ששונו על ידי הממשלה זמינים ללא תשלום ב-,קיימים כלים שפותחו על ידי הממשלה.,כלים ששונו על ידי הממשלה וכאלה שפותחו על ידי הממשלה אינם זמינים.,אינם,strong,0.70,0.50,49436,government,
hn50947,?,"ישנם שלושה איומים עיקריים על סובייקטיביות, אי דיוק ומשוא פנים.",,"אין איומים על סובייקטיביות, אי דיוק ומשוא פנים.",אין,strong,0.70,0.00,50947,government,WRITE PARAPHRASE
hn54206,?,הטיימס לא יכול לשלוח כתבים לחטט סביב עמיתים באותו חדר חדשות.,זה לא מעשי עבור הטיימס לשלוח כתבים לנהל מעקב אחר עמיתים באותו חדר חדשות.,הטיימס יכול לשלוח כתבים לחטט סביב עמיתים ללא סיכון.,ללא,strong,0.70,0.70,54206,slate,
hn81999,?,"במובן מסוים, אני חושב שזה כבר עזר לתדמית של מיקרוסופט.",אני די בטוח שזה עזר לתדמית של מיקרוסופט.,אני לא חושב שזה עזר לתדמית של מיקרוסופט בכלל.,לא,strong,0.70,0.60,81999,slate,
hn85370,?,"האם תאמין, מר קירבי, שאמוס לוטרפילד הביא לי את אלה?","עמוס לוטרפילד הביא לי את אלה, אתה יכול להאמין לזה, מר קירבי?","מר קירבי, האם ידעת שאמוס לוטרפילד מעולם לא הביא לי שום דבר?",מעולם לא | שום דבר,phrase,0.70,0.70,85370,fiction,
hn89420,?,היא עומדת לחזור לבית המשפט לדיון כדי לנקות את שמה.,היא תנקה את הרישום שלה בשימוע.,היא לא הולכת לבית המשפט כדי לנקות את שמה.,לא,strong,0.70,0.20,89420,government,
hn98326,?,"בנוסף, התרחיש המתקדם צופה עלייה בהוצאות התוכנית בסך 9 דולר.",עלייה בהוצאות התוכנית בסך 9 דולר צפויה על ידי התרחיש המתקדם.,עלייה בהוצאות התוכנית בסך 9$ לא צופה בתסריט המתקדם.,לא,strong,0.70,0.80,98326,government,
hn130060,?,"בטווח הארוך, מלאי הון גדול יותר דורש גם יותר חסכון רק כדי להחליף הון שנשחק.",מלאי הון גדול יותר דורש יותר חסכונות רק כדי להחליף הון המתרחק.,בטווח הארוך מלאי הון גדול יותר אינו דורש יותר חסכונות כדי להחליף הון מופחת.,אינו,strong,0.69,0.62,130060,government,
hn79797,?,"כשאתם יוצאים מפונשל, ניתן להגיע לכפר סנטו דה סרה גם דרך קמאצ'ה או מצומת פויסו.",ניתן להגיע לסנטה דה סרה דרך קמאצ'ה.,לא ניתן להגיע לכפר סנטו דה סרה דרך קמאצ'ה או צומת פויסו.,לא,strong,0.69,0.44,79797,travel,
hn94237,?,"הילקר, חבר ותיק במועצת קרן הסיוע המשפטי של מטרופולין שיקגו, התמנה לנשיא הארגון.",הילקר מונה לנשיא הארגון.,הילקר לא היה מעולם חבר במועצת קרן הסיוע המשפטי של מטרופולין שיקגו.,לא | מעולם,strong,0.69,0.23,94237,government,
hn94347,?,שלוש מהטיסות המריאו בפועל בתוך 10 עד 15 דקות מזמני ההמראה המתוכננים שלהן.,"בתוך 10 עד 15 דקות מזמני ההמראה המתוכננים שלהם, שלוש מהטיסות המריאו.",אף אחת מהטיסות לא המריאה תוך 10 עד 15 דקות מזמני ההמראה המתוכננים שלהן.,אף אחת | לא,"phrase,strong",0.69,0.85,94347,nineeleven,
hn10039,?,זה נכון אם אתה מנסה לקבוע סוג כלשהו של סדרי עדיפויות במדיניות.,כאילו שאתה מנסה לקבוע סדרי עדיפויות במדיניות.,זה לא חשוב אם אתה מנסה לקבוע סדרי עדיפויות במדיניות.,לא,strong,0.67,0.42,10039,slate,
hn101016,?,"מחקר ופיתוח מורכבים ממחקר בסיסי, מחקר יישומי ופיתוח.",ישנם שלושה מרכיבים של מחקר ופיתוח.,מחקר יישומי אינו חלק ממחקר ופיתוח.,אינו,strong,0.67,0.33,101016,government,
hn101532,?,הוא שלח לי גזיר עיתון מאמריקה.,הנייר שממנו בא החתך חסר כעת חלק.,הוא אף פעם לא שלח לי כלום משום עיתון.,אף פעם | לא,"phrase,strong",0.67,0.00,101532,fiction,
hn101548,?,השנייה שזה בטוח היה מוזר איך קיבלנו את זה.,"זה בטח היה מוזר לאחרים, איך שהשגנו את זה.",לא היה מוזר טאותר איך הבאנו את זה בטוח.,לא,strong,0.67,0.56,101548,fiction,
hn102522,?,השתלת היד הראשונה בארצות הברית בוצעה.,ארצות הברית כבר ראתה השתלת יד אחת שבוצעה.,מעולם לא בוצעה השתלת יד בארצות הברית.,מעולם לא,phrase,0.67,0.33,102522,slate,
hn103628,?,זה באמת נשמע כאילו אתה יודע על מה אתה מדבר.,אתה בהחלט נשמע כמו מישהו שיודע על מה הוא מדבר.,נשמע כאילו אין לך מושג על מה אתה מדבר.,אין,strong,0.67,0.56,103628,slate,
hn103673,?,הוא היה מוכן לתקוף בראש הנחש.,לנחש היה ראש.,הוא לא היה מוכן לתקוף.,לא,strong,0.67,0.17,103673,nineeleven,
hn103890,?,"ובכן, ובכן, אמר התעשיין.","ובכן, ובכן, דיבר התעשיין.",התעשיין לא אמר מילה.,לא,strong,0.67,0.67,103890,fiction,
hn104142,?,בית המשפט לערעורים ביטל את הפסיקה.,הפסיקה הוגשה לבית המשפט לערעורים של המחוז.,הפסיקה לא הוצגה בפני בית המשפט לערעורים.,לא,strong,0.67,0.50,104142,government,
hn107900,?,גודלה הקטן של מדיירה יכול להטעות.,הגודל הקטן של מדיירה יכול להיראות מטעה.,גודלה הקטן של מדיירה אינו מטעה במיוחד.,אינו,strong,0.67,0.67,107900,travel,
hn110163,?,המערות היו מקום מסתור ללוחמי גרילה קומוניסטים אנטי-יפנים במהלך מלחמת העולם השנייה.,המערות היו מקום מסתור במהלך מלחמת העולם השנייה.,המערות לא היו מקום מסתור במהלך מלחמת העולם השנייה.,לא,strong,0.67,0.67,110163,travel,
hn110674,?,האם אינך יכול לנחש?,,אתה לא יכול לנחש.,לא,strong,0.67,0.00,110674,fiction,WRITE PARAPHRASE
hn110820,?,היו לה שם כמה חברים אמריקאים.,כמה מחבריה האמריקאים היו שם.,לא היו שם חברים אמריקאים שלה.,לא,strong,0.67,0.50,110820,fiction,
hn1111,?,אני רוצה לדעת עוד על זה.,הייתי רוצה לדעת עוד.,אני לא צריך לדעת כלום על זה.,לא,strong,0.67,0.50,1111,fiction,
hn112461,?,ומה עוד למדנו מהחידון של היום?,למדנו מהחידון של היום.,לא למדנו מהחידון של היום.,לא,strong,0.67,0.67,112461,slate,
hn11403,?,האם יש לכם מחלקת משאבי אנוש?,"מחלקת משאבי אנוש, יש לכם את זה?",אין לכם מחלקת משאבי אנוש.,אין,strong,0.67,0.83,11403,slate,
hn114389,?,"מסקיאתוס, ניתן להגיע לסקופלוס, אלוניסוס וסיקירוס.","אתה יכול להגיע לאלוניסוס, סקופלוס וסקירוס, אם אתה מתחיל מסקיאתוס.","מסקיאתוס, אי אפשר להגיע לסקופלוס, אלוניסוס או סקירוס.",אי אפשר,phrase,0.67,0.33,114389,travel,
hn11494,?,גם לי הייתה עבודה אמיתית פעם.,עבדתי בעבודה אמיתית.,מעולם לא הייתה לי עבודה אמיתית.,מעולם לא,phrase,0.67,0.17,11494,fiction,
hn118624,?,אתה באמת יודע מה יש בכולם?,האם אתה יודע מה יש בכולן?,אתה לא יודע מה יש בכל אלה?,לא,strong,0.67,0.67,118624,fiction,
hn11894,?,הנחיות הנדסה ועיצוב לשיפוצי הזרקת צינורות,ישנם קווים מנחים לעיצוב עבור התאמות הזרקת צינורות.,כרגע אין הנחיות עיצוב לשיפוצי הזרקת צינורות.,אין,strong,0.67,0.33,11894,government,
hn120316,?,"רביעית, יהיו סגירות של בתי דואר.",יתרחשו מספר סגירות של בתי דואר.,לא יהיו סגירות של סניפי דואר.,לא,strong,0.67,0.67,120316,government,
hn121283,?,כאשר הנשיא ג'ורג' ה.וו.,היה נשיא בשם ג'ורג' ה. ו.,ג'ורג' ה.וו. מעולם לא היה נשיא.,מעולם לא,phrase,0.67,0.50,121283,government,
hn121959,?,"אחד הוא איש הלייבור, אתה חושב?","אחד הוא חלק מקבוצת העבודה, אתה חושב?","אחד בהחלט לא איש הלייבור, אתה מאמין?",לא,strong,0.67,0.67,121959,fiction,
hn122583,?,"ממש שם בעמוד 302, הוא מסביר.",הוא הסביר שזה היה בעמוד 302.,הוא לא מסביר בעמוד 302.,לא,strong,0.67,0.50,122583,slate,
hn124900,?,"אם יש גן עדן עלי אדמות,",,בהחלט אין גן עדן עלי אדמות.,אין,strong,0.67,0.00,124900,travel,WRITE PARAPHRASE
hn126222,?,"כפי שמוצג במשוואה (4), האיבר D במשוואת Vb מכיל Pb, כך שכאשר Pb משתנה, ההנחה מושפעת.","כפי שמוצג במשוואה (4), האיבר D במשוואת Vb מכיל את Pb","כפי שמוצג במשוואה (4), האיבר D במשוואת Vb אינו מכיל Pb",אינו,strong,0.67,0.67,126222,government,
hn130436,?,מדוע אני כל כך להוט לחיבור?,למה אני כל כך רוצה את הקשר?,למה אני לא כל כך משתוקק לחיבור?,לא,strong,0.67,0.50,130436,slate,
hn132873,?,"כן, ללא ספק, האיש הקטן היה חכם.",הוא היה גבר קטן חכם.,האיש הקטן לא היה חכם בכלל.,לא,strong,0.67,0.33,132873,fiction,
hn138378,?,אנחנו נוסעים דרך ריג'נט פארק!,דרך ריג'נט פארק זה לאן שאנחנו הולכים!,אנחנו לא הולכים דרך ריג'נטס פארק?,לא,strong,0.67,0.67,138378,fiction,
hn138438,?,האם זה אפשרי לסגור את הפער המגדרי הפוליטי הזה?,אנשים תוהים אם אפשר לסגור את הפער המגדרי הפוליטי.,בהחלט לא ניתן לסגור את הפער המגדרי הפוליטי הזה.,לא,strong,0.67,0.56,138438,slate,
hn140182,?,אולי היא מנסה את אותה גישה.,היא עשויה לנסות את אותה גישה.,היא לא שוקלת את אותה גישה.,לא,strong,0.67,0.67,140182,slate,
hn141081,?,שנג'ן הייתה האזור הכלכלי המיוחד הראשון של סין.,"שנזן, הממוקמת בסין, הייתה האזור הכלכלי המיוחד הראשון.",האזור הכלכלי המיוחד הראשון של סין מעולם לא נבנה.,מעולם לא,phrase,0.67,0.56,141081,travel,
hn14238,?,הוא גם מאמין בכנות בתסריטים שלו.,הוא מאמין בכנות בתסריטים שלו.,הוא לא מאמין בתסריטים שלו.,לא,strong,0.67,0.83,14238,slate,
hn144471,?,"מה דעתך להצטרף אלינו, מר גייטס?",מר גייטס מתבקש להצטרף אלינו.,מר גייטס לא רשאי להצטרף אלינו.,לא,strong,0.67,0.67,144471,slate,
hn144739,?,יישוב עולמות אחרים יהיה ההרפתקה האולטימטיבית.,,יישוב עולמות אחרים לא יהיה הרפתקה גדולה.,לא,strong,0.67,0.00,144739,slate,WRITE PARAPHRASE
hn15440,?,"אם האחרים היו שם, הייתי עושה בדיוק אותו הדבר.""","אם האחרים היו בסביבה, הייתי עושה כמוהם.","אם האחרים היו שם, לא הייתי עושה כלום.",לא,strong,0.67,0.56,15440,fiction,
hn19299,?,הסכם זה הוא הבסיס לשלטון העצמי של המרונים כיום.,שורש השלטון העצמי של המרונים שאנו מכירים היום טמון בהסכם זה.,הסכם זה לא היה קשור לשלטון העצמי של המרונים.,לא,strong,0.67,0.44,19299,travel,
hn194,?,"בסדר, אני אכן מאשים את עצמי.","אני מאשים את עצמי, בסדר.",אני לא מאשים את עצמי בכלל.,לא,strong,0.67,0.83,194,slate,
hn19652,?,"הם ראו אותי מגיע, ועצרו להביט.",כשהם ראו אותי מגיע הם נעצרו כדי לצפות.,הם לא ראו אותי מגיע.,לא,strong,0.67,0.67,19652,fiction,
hn20484,?,לרוב בתי המלון יש בריכות שחייה.,בריכות שחייה נפוצות בבתי מלון.,לא הרבה בתי מלון יש בריכות שחייה.,לא,strong,0.67,0.33,20484,travel,
hn20606,?,נקראת וביקשת מידע נוסף לפני שנתת התחייבות או מתנה לבית הספר למשפטים.,"כאשר התקשרו אליך, ביקשת לקבל פרטים נוספים לפני שתכריע אם לתת מתנה או לתרום לבית הספר למשפטים.",לא ביקשת מידע נוסף לפני שנתת מתנה לבית הספר למשפטים.,לא,strong,0.67,0.50,20606,letters,
hn21415,?,אבל הוא צריך לשים לב יותר.,הוא צריך לשים לב יותר.,הוא לא צריך לשים לב.,לא,strong,0.67,0.83,21415,slate,
hn21669,?,"ראשית, כמובן, הוא התכוון להישאר כאן.","ראשית, התכוון להישאר כאן.",הוא לא התכוון להישאר כאן.,לא,strong,0.67,0.67,21669,fiction,
hn21980,?,הוא היה בן 65 באותו הזמן.,הוא היה בן 65.,הוא אף פעם לא היה בן 65.,אף פעם | לא,"phrase,strong",0.67,0.67,21980,slate,
hn22137,?,"אבל אני מכבד נשים, אני מעריץ נשים, ואם זה אמור להיות רע, אז אני אשם.",אני אשם בכבוד ובהערכה לנשים אם זה דבר רע.,אני לא מכבד או מעריץ נשים ואם זה דבר רע אני אשם.,לא,strong,0.67,0.33,22137,slate,
hn22364,?,"בפגישת המידע של Tulare County Water Works הערב, המנהיגים יסבירו את הכללים.",מנהיגים יסבירו את הכללים בפגישת המידע של עבודות המים של מחוז טולאר.,המנהיגים לא יסבירו דבר לאף אחד בפגישת המידע של Tulare Count Water Works.,לא | לאף אחד,"phrase,strong",0.67,0.50,22364,government,
hn23206,?,"כן, כן, הוא אמר.",הוא אמר כן.,הוא אמר לא.,לא,strong,0.67,1.00,23206,fiction,
hn24218,?,זה היה תלוי בי להבין איך.,הייתי צריך להבין את זה.,לא היה תלוי בי לגלות איך.,לא,strong,0.67,0.33,24218,fiction,
hn25825,?,ילדים כנראה תוהים איך אלוהים נראה.,ילדים סקרנים לגבי איך אלוהים נראה.,ילדים אף פעם לא מנסים לדמיין איך אלוהים נראה.,אף פעם | לא,"phrase,strong",0.67,0.67,25825,letters,
hn27137,?,זה מה ש'השתמש בכוח' הוא.,זה מה שכוח הוא כל העניין.,"זה לא מה שכוונתו של ""השתמש בכוח"".",לא,strong,0.67,0.50,27137,slate,
hn27826,?,"בטח שיש מרחב תמרון, אמר לוט.",לוט שאל אם יש מרחב תמרון.,לוט אמר שאין מרחב תמרון,שאין,strong,0.67,0.50,27826,slate,
hn28543,?,סיוע להפחתה כוללת של 2 דולר.,הפחתה של 2$ מצריכה סיוע.,הפחתה של 2 דולר לא דורשת סיוע.,לא,strong,0.67,0.50,28543,government,
hn31969,?,כל פסקאות שהושמטו מסומנות בתוכן העניינים.,כל הפסקאות שהוצאו עדיין מוצגות בתוכן העניינים.,כל הפסקאות שהושמטו לא יימצאו בתוכן העניינים.,לא,strong,0.67,0.50,31969,government,
hn32099,?,"בלי קסם, איך נוכל להפשיר נשמה קפואה?",איך אפשר להפשיר נשמה קפואה בלי קסם?,אי אפשר להפשיר נשמה קפואה בעזרת קסם.,אי אפשר,phrase,0.67,0.83,32099,fiction,
hn322,?,"אם אין דוכן אחר פתוח, אני מבין.",אני מבין אם אין עוד דוכנים פתוחים.,אני לא מבין למה לא תהיה דוכן פתוח.,לא | לא,strong,0.67,0.50,322,slate,
hn33,?,ערכים אלה נדחו בחישוב אחוז ה-CV.,כמה ערכים נדחו.,לא נדחו ערכים בחישוב אחוז הקורות חיים.,לא,strong,0.67,0.33,33,government,
hn34083,?,"עם פרסומים מודפסים, יש בעיה שונה.",יש בעיה אחרת עם פרסומים מודפסים.,אין שום בעיה עם פרסומים מודפסים.,אין,strong,0.67,0.83,34083,slate,
hn34449,?,החדרים המשופרים שווים את התשלום הנוסף.,החדרים המשופרים הם שדרוג.,החדרים המשופרים לא שווים את השדרוג.,לא,strong,0.67,0.33,34449,travel,
hn36777,?,"כמובן, לעולם לא דחינו אנשים בגלל שהם היו לא יציבים מדי.",אנשים לא נדחו בגלל שהיו לא יציבים.,דחינו אנשים בגלל שהם היו בלתי יציבים.,בלתי,strong,0.67,0.33,36777,slate,
hn37198,?,אני מסכים איתך לגבי ביקורות ספרים.,אני משתף את אותה דעה שיש לך לגבי ביקורות ספרים.,אני לא בצד שלך לגבי ביקורות ספרים.,לא,strong,0.67,0.67,37198,slate,
hn40750,?,"מיסיונרים מוקדמים נהגו לומר tiens, bois!","טיינס, בואס הוא משהו שמסיירים מוקדמים נהגו לומר.","מיסיונרים מוקדמים אף פעם לא נהגו לומר טיאנס, בואה.",אף פעם | לא,"phrase,strong",0.67,0.50,40750,travel,
hn41614,?,הילדים שלי אחרי שיסיימו את לימודיהם.,הילדים שלי יסיימו את לימודיהם.,הילדים שלי לעולם לא יסיימו את לימודיהם.,לא,strong,0.67,0.67,41614,slate,
hn42486,?,רישום מדויק ומועד של עסקאות ואירועים,רישום מדויק ומהיר של עסקאות ואירועים,רישום איטי ולא נכון של עסקאות ואירועים,ולא,strong,0.67,0.83,42486,government,
hn42803,?,"יכולת לספר לחבר שלך שזכית בד""ר פיימוס בהגרלה.","את יכולה ליידע את בן הזוג שלך שזכית בד""ר פיימוס בהגרלה.","אי אפשר לספר לחבר שלך שזכית בד""ר פאמוס.",אי אפשר,phrase,0.67,0.67,42803,slate,
hn4357,?,"ואז היא אמרה: ""גברת קוונדיש כן.","""גברת קוונדיש עושה זאת,"" אמרה.","היא אמרה, ""גברת קוונדיש לא.""",לא,strong,0.67,0.50,4357,fiction,
hn49682,?,אני בטוח שאתה תמצא את זה.,אני די בטוח שתמצאו את זה.,אני לא בטוח שתמצא את זה.,לא,strong,0.67,0.67,49682,fiction,
hn50610,?,(שילמתי על המיקרופון הזה שמן הסתם הגיע מקומדיה פוליטית של ספנסר טרייסי,שילמתי על המיקרופון הזה שהגיע מקומדיה של ספנסר טרייסי.,לא שילמתי על המיקרופון הזה שהגיע מקומדיה של ספנסר טרייסי.,לא,strong,0.67,0.67,50610,slate,
hn51963,?,שינוי בלתי מוסבר במצב הפיננסי של USPS לשנת הכספים 2001,ישנו שינוי בלתי מוסבר במצב הפיננסי של USPS לשנת הכספים 2001.,לא היו שינויים במצב הפיננסי של USPS לשנת 2001.,לא,strong,0.67,1.00,51963,government,
hn5628,?,פותחו מספר מסכים עבור נשים בהריון.,"לנשים בהריון, פותחו כמה בדיקות ומסכים.",לא פותחו בדיקות עבור נשים בהריון.,לא,strong,0.67,0.33,5628,government,
hn56390,?,בית המשפט העליון ישמע טיעונים לגבי החוקתיות של תוכנית IOLTA במדינת וושינגטון.,החוקתיות של תוכנית IOLTA של וושינגטון תטען בפני בית המשפט העליון.,החוקתיות של תוכנית IOLTA של וושינגטון לא תטען בפני בית המשפט העליון.,לא,strong,0.67,0.67,56390,government,
hn57867,?,"אדונים, אדונים בכל מקום.","אדונים, אדונים מסביב.","אדונים, אדונים בשום מקום לא נמצאו.",לא,strong,0.67,0.33,57867,slate,
hn61336,?,כי אנחנו צריכים את זה מאוד.,אנחנו צריכים את זה מאוד.,אנחנו לא צריכים את זה.,לא,strong,0.67,0.83,61336,slate,
hn62043,?,אבל דליפות אנונימיות בדיעבד הן משחיתות.,דליפות אנונימיות בדיעבד הן משחיתות.,דליפות אנונימיות בדיעבד הן בלתי מזיקות.,בלתי,strong,0.67,0.83,62043,slate,
hn65990,?,"הוא אמר, ""אני מניח שאתה צודק.","הוא אמר, ""ייתכן שאתה צודק.""","הוא אמר, ""אין שום סיכוי שאתה צודק.""",אין,strong,0.67,0.67,65990,fiction,
hn70215,?,"הקרב שלו עם בוב קראפט, הבעלים של הפטריוטס, היה .",הקרב שלו עם בוב קראפט קרה.,הקרב שלו עם בוב קראפט לא היה.,לא,strong,0.67,0.56,70215,slate,
hn70566,?,"יש אמונה בריאה בבטון בסוג כזה של סיפור, ועניין דמוקרטי בטבע האנושי.",יש אמונה בחומר של הסיפור והעניין הדמוקרטי שנמצא בטבע האנושי.,יש אמונה לא בריאה בבטון בסוג כזה של סיפור.,לא,strong,0.67,0.42,70566,slate,
hn71199,?,דרו התאמץ לראות או לשמוע מה שוכן מעבר ל-,דרו ניסה לראות או לשמוע מה היה מעבר.,דרו לא רצה לשמוע או לראות מה היה מעבר.,לא,strong,0.67,0.67,71199,fiction,
hn7227,?,"אתה צריך לבוא למערות, היא דיברה.",היא אמרה לבוא למערות.,היא אמרה שלא היית צריך לבוא למערות.,שלא,strong,0.67,0.50,7227,fiction,
hn72477,?,או אולי הוא מצא משהו שהוא רצה לשמור לעצמו?,או האם הוא רצה לשמור את מה שמצא לעצמו.,האם הוא מצא משהו שהוא לא רצה לשמור?,לא,strong,0.67,0.56,72477,fiction,
hn80022,?,מודלרים עומדים בפני אתגרים דומים כאשר,מודלרים עומדים בפני אתגרים דומים.,מודלרים לעולם לא ניצבים בפני אתגרים דומים,לא,strong,0.67,0.83,80022,government,
hn81422,?,"רני כבר אמר שזה בסדר מבחינתו.""","זה בסדר עם רני, הוא כבר אמר.",רני אמר שזה בכלל לא בסדר בעיניו.,בכלל לא,phrase,0.67,0.67,81422,fiction,
hn82678,?,יש לנו משהו שאתם חייבים לראות.,אתה חייב לראות את זה.,יש לנו משהו שאתה לא רוצה לראות.,לא,strong,0.67,0.17,82678,fiction,
hn8308,?,תנאים הדורשים הערכה של אמינות נתונים.,ישנם תנאים הדורשים נתונים אמינים.,התנאים אינם דורשים הערכה של אמינות נתונים.,אינם,strong,0.67,0.50,8308,government,
hn83119,?,"אבל במקרה של אלפרד אינגלת'ורפ, כל זה השתנה.",המקרה של אלפרד אינגלת'ורפ השתנה.,לא השתנה דבר במקרה של אלפרד אינגלת'ורפ.,לא,strong,0.67,0.56,83119,fiction,
hn87092,?,אנשי קשר נוספים מפורטים בנספח II.,נספח II כולל יותר אנשי קשר.,אין אנשי קשר המצויים בנספח II.,אין,strong,0.67,0.50,87092,government,
hn88730,?,הנרי אי המציאות של הוויה (המוזיאון לאמנות עממית אמריקאית).,,אי המציאות של היות אינו נוגע לאמנות עממית אמריקאית.,אינו,strong,0.67,0.00,88730,slate,WRITE PARAPHRASE
hn88942,?,דוגמה אחת היא יום השירות שלנו.,יום השירות שלנו הוא דוגמה אחת.,יום השירות שלנו הוא בהחלט לא דוגמה.,לא,strong,0.67,0.83,88942,government,
hn90920,?,הם היו מסיימים תוך זמן קצר.,,הם לא היו מסיימים במשך זמן רב.,לא,strong,0.67,0.00,90920,fiction,WRITE PARAPHRASE
hn91401,?,"אך אנשים מאמינים, או רוצים להאמין.",אנשים או מאמינים או רוצים.,אנשים לא מאמינים או רוצים.,לא,strong,0.67,0.67,91401,slate,
hn91982,?,אבל יש לי זכות לנסות לשנות את הספקנות הזאת.,זכותי לנסות לשנות את הספקנות הזו.,אין לי זכות לנסות לשנות את הספקנות הזו.,אין,strong,0.67,0.44,91982,slate,
hn9218,?,ההבדלים בשיפועים ובקטעים משקפים הבדלים באוכלוסייה.,ההבדלים בשיפועים ובבלוקים משקפים הבדלים באוכלוסייה.,ההבדלים בנטיות ובחיתוכים אינם משקפים הבדלים באוכלוסייה.,אינם,strong,0.67,0.83,9218,government,
hn93488,?,"שוב, לריצ'רד יש סיפור ורוד.",לריצ'רד היה סיפור ורוד בעבר.,לריצ'רד לא היה סיפור ורוד בעבר.,לא,strong,0.67,0.67,93488,slate,
hn9355,?,זה יכול להיות רק סר פרת!,,סר פרת' לא יכול להיות מעורב בזה.,לא,strong,0.67,0.00,9355,fiction,WRITE PARAPHRASE
hn95071,?,"השני הוא הזר שהוא מדבר איתו.""",האיש השני איתו הוא משוחח הוא זר.,הבחור השני שהוא מדבר איתו אינו זר.,אינו,strong,0.67,0.50,95071,fiction,
hn96208,?,אני מוכר כאן בתור מר קרטר.,"כאן, אני מוכר בתור מר קרטר.","אני לא מר קרטר, אני מוכר בשם מר רובינסון.",לא,strong,0.67,1.00,96208,fiction,
hn96330,?,בלי הגנה נאותה תהיה שפיכות דמים ברחוב.,תהיה שפיכות דמים ברחובות בלי הגנה ראויה.,לא תהיה שפיכות דמים ללא הגנה הולמת.,לא | ללא,strong,0.67,0.67,96330,fiction,
hn97038,?,"אני, למשל, חידשתי את החברות שלי.",החברות שלי חודשה.,לא חידשתי את החברות שלי.,לא,strong,0.67,0.33,97038,government,
hn98826,?,זו המדיניות הזמינה ביותר באופן מיידי כדי להגן על מטופלים עם תקנות סודיות פדרליות ולהקל על חששות לגיטימיים לגבי הזכות לפרטיות.,זוהי המדיניות הזמינה ביותר באופן מיידי כדי להגן על המטופלים ולהקל על חששות לגיטימיים לגבי הזכות לפרטיות.,זו אינה המדיניות הזמינה ביותר באופן מיידי להגנה על מטופלים והקלה על חששות לגיטימיים לגבי הזכות לפרטיות.,אינה,strong,0.65,0.70,98826,government,
hn102342,?,רבים מהדהדים את ההשוואה של לאונרדו דה וינצ'י לשקי אגוזים.,לאונרדו דה וינצ'י הושווה לשק אגוזים.,אף אחד לא השווה את לאונרדו דה וינצ'י לשקי אגוזים.,אף אחד | לא,"phrase,strong",0.64,0.45,102342,travel,
hn104296,?,"בחיפה יש מספר חופים טובים, ממש ממערב לנמל באזור בת גלים.","ממש ממערב לנמל באזור בת גלים, בחיפה יש מספר חופים טובים.","בחיפה אין חופים טובים, אבל יש הרים ממש ממערב לנמל.",אין,strong,0.64,1.00,104296,travel,
hn131951,?,פרשנים תרבותיים שידכו את סטיוארט לקורלט כאלופי המידות הטובות ואיש העם.,סטיוארט וקורלט הוצמדו יחד על ידי פרשנים תרבותיים כאלופי האדם הפשוט.,פרשנים תרבותיים אף פעם לא השוו את סטיוארט לקוראלט כאלופי המידות הטובות.,אף פעם | לא,"phrase,strong",0.64,0.36,131951,slate,
hn142620,?,"כפי שנדון בסעיף 1, הביטוח הלאומי משפיע גם על התמריצים של אנשים לחסוך לפנסיה.",הביטוח הלאומי משפיע גם על התמריצים של אנשים לחסוך לפנסיה.,הביטוח הלאומי לא משפיע על התמריצים של אנשים לחסוך לפנסיה.,לא,strong,0.64,0.71,142620,government,
hn143862,?,משרד החקירות המיוחדות (OSI) הוא יחידה מיוחדת בתוך GAO המאוישת על ידי חוקרים פליליים.,OSI היא יחידה מיוחדת בתוך ה-GAO המאוישת על ידי חוקרים פליליים.,OSI אינה יחידה מיוחדת בתוך GAO שמאוישת על ידי חוקרים פליליים.,אינה,strong,0.64,0.64,143862,government,
hn30630,?,הייתי מודאג אם ווסט היה מגייס את עמדות המדיניות של בראדלי.,הייתי מודאג אם ווסט היה כותב את המדיניות.,לא הייתי מודאג אם ווסט היה כותב את המדיניות.,לא,strong,0.64,0.64,30630,slate,
hn45527,?,"על פי המבוא לכלל הסופי, HUD קיבל 354 הערות על הכלל המוצע.","HUD קיבלה 354 הערות על הצעת החוק, על פי המבוא לחוק הסופי.","על פי המבוא לכלל הסופי, HUD לא קיבלה שום הערות.",לא,strong,0.64,0.64,45527,government,
hn53350,?,על פינות הגג ההפוכות של המקדש המוזהב המנצנץ עומדים ציפורים מארד.,ציפורים מברונזה עומדות על פינות הגג ההפוכות של המקדש המוזהב.,אין ציפורים מברונזה על פינות הגג ההפוכות של המקדש.,אין,strong,0.64,0.73,53350,travel,
hn714,?,"המלכה מארי אנטואנט, רובספייר, דנטון וסן-ז'וסט בילו את לילותיהם האחרונים בגלרי דה פריזונייר.","גלריית האסירים אירחה את המלכה מארי-אנטואנט, רובספייר, דנטון וסן-ז'וסט.","המלכה מארי אנטואנט, רובספייר, דנטון וסן-ז'וסט לא היו מעולם בגלרי דה פריזוניירס",לא | מעולם,strong,0.64,0.43,714,travel,
hn21173,?,"שיעורי האוריינות הם רק אינדיקטור לחינוך, שהוא עצמו דרך נוספת לדבר על מעבר עולמי מאורח חיים של יד לפה.","שיעורי האוריינות הם רק אינדקס לחינוך, שהוא דרך לדבר על מעבר מאורח חיים של יד לפה.",שיעורי האוריינות אינם אינדקס לחינוך שהוא דרך לדבר על מעבר לאורח חיים של יד לפה.,אינם,strong,0.63,0.79,21173,slate,
hn53258,?,"בהתאם לסטנדרטים לביקורת ממשלתית מקובלים, GAO מעדיף להשתמש במוצרים שפורסמו כדי להעביר את התוצאות הסופיות של עבודתו מכיוון שהם",GAO מעדיף להשתמש במוצרים מפורסמים כדי לתקשר את התוצאות הסופיות של עבודתו,GAO לא מעדיף להשתמש במוצרים שפורסמו כדי להעביר את התוצאות הסופיות של עבודתו,לא,strong,0.63,0.53,53258,government,
hn101571,?,סביבת בקרה חיובית היא הבסיס לכל יתר התקנים.,כל התקנים האחרים מנותבים בסביבת בקרה חיובית.,סביבת בקרה חיובית אינה הכרחית לכל התקנים.,אינה,strong,0.62,0.38,101571,government,
hn112531,?,"פרס סנדרה דיי אוקונור לשנת 2002 לשירות מקצועי הוענק לקונר בטקס בארה""ב",קונר קיבל פרס ב-2002.,פרס סנדרה דיי אוקונור לשירות מקצועי לא הוענק בשנת 2002.,לא,strong,0.62,0.08,112531,government,
hn114172,?,אז הוא צריך להישאר בסנאט ולהמשיך לעשות צרות.,,הוא לא צריך להישאר בסנאט ולעשות יותר צרות.,לא,strong,0.62,0.00,114172,slate,WRITE PARAPHRASE
hn116651,?,זה מקום נהדר להתחיל בו את הביקור שלך.,זהו מיקום נפלא להתחיל בו את הביקור שלך.,זה לא המקום להתחיל את הביקור שלך.,לא,strong,0.62,0.62,116651,travel,
hn117830,?,ועדת ההימורים הלאומית האחרונה הייתה באמצע שנות ה-70.,ועדת ההימורים הלאומית האחרונה התקיימה בשנות ה-70.,ועדת ההימורים הלאומית האחרונה לא הייתה מזמן מדי.,לא,strong,0.62,0.62,117830,slate,
hn120432,?,שתי הערים חוו את אותו גורל הרסני פעמיים.,שתי הערים סבלו מהרס.,שתי הערים אף פעם לא חלקו את אותו גורל.,אף פעם | לא,"phrase,strong",0.62,0.25,120432,travel,
hn122055,?,סיפור מתאר את תקופת הפריצה של מוחמד עלי.,תקופת הפריצה של מוחמד עלי תוארה כ-,תקופת הפריצה של מוחמד עלי מעולם לא תוארה.,מעולם לא,phrase,0.62,0.62,122055,slate,
hn128886,?,חיסכון ממשלתי משפיע ישירות על הגמישות התקציבית העתידית באמצעות השפעתו על הוצאות תשלום הריבית.,חסכון ממשלתי משפיע ישירות על הגמישות התקציבית העתידית.,חיסכון ממשלתי אינו משפיע ישירות על הגמישות התקציבית העתידית.,אינו,strong,0.62,0.54,128886,government,
hn132345,?,זה כיף גדול לעזור לשומרים לפתוח את המנעולים.,לעזור לשומרים לפתוח את המנעולים זה מאוד כיף.,"לעזור לשומרים לפתוח את המנעולים מייגע ולא מהנה,",ולא,strong,0.62,0.88,132345,travel,
hn13902,?,כעת חוזים עודפי תקציב פדרליים לפחות לעשור הקרוב.,כעת צפויים עודפי תקציב פדרליים לפחות לעשור הבא.,עודפי תקציב פדרליים לא צפויים לפחות בעשור הקרוב.,לא,strong,0.62,0.75,13902,government,
hn144480,?,"בגרסת ABC של המסמך, הוא מופיע בשני המקומות.",זה הופיע בשני מקומות בגרסה של ABC למסמך.,"בגרסת ABC למסמך, זה לא מופיע בשני המקומות.",לא,strong,0.62,0.38,144480,slate,
hn144561,?,הבטחת כיסוי ביקורת מספק של אבטחת מידע בסוכנות,סיקור סקירה מספק של אבטחת מידע מובטח.,כיסוי ביקורת הולם של אבטחת מידע אינו מובטח.,אינו,strong,0.62,0.50,144561,government,
hn20039,?,8- תלוי באינטראקציה בין כל חיסכון אישי נוסף וצמצום ממשלתי הקשור למימון התמריץ.,תלוי באינטראקציה בין כל חסכון אישי נוסף לבין חוסר חסכון ממשלתי,אינו תלוי באינטראקציה בין כל חיסכון אישי נוסף לבין חיסכון ממשלתי,אינו,strong,0.62,0.54,20039,government,
hn2855,?,כיצד הקמת חשבונות פרטניים תשפיע על החיסכון הלאומי?,הקמת חשבון אישי תשפיע על החיסכון הלאומי.,הקמת חשבון אישי לא תשפיע על החיסכון הלאומי.,לא,strong,0.62,0.62,2855,government,
hn29664,?,הניתוח הכלכלי של NRCS נידון במבוא לכלל הסופי.,הכלל הסופי כולל ניתוח כלכלי של NRCS.,הניתוח הכלכלי של NRCS אינו נכלל בכלל הסופי.,אינו,strong,0.62,0.38,29664,government,
hn30673,?,אבל יש משהו שאתה יכול לעשות כדי לעזור.,אתה יכול לסייע.,אין דבר שאתה יכול לעשות כדי לעזור.,אין,strong,0.62,0.12,30673,letters,
hn33322,?,הציורים הפוסט-אימפרסיוניסטים של ג'ק ב. ייטס (אחיו של המשורר המפורסם) ראויים לציון במיוחד.,ג'ק ב' ייטס הוא אחיו של משורר מפורסם.,הציורים של ג'ק ב. ייטס אינם ראויים לציון כלל.,אינם,strong,0.62,0.46,33322,travel,
hn42937,?,סגנון הקישוטים המרשים הזה אופייני לספרד במאה ה-16.,סגנון טיפוסי של ספרד במהלך המאה ה-16 היה מעוטר מאוד.,לא היה סגנון ייחודי אופייני לספרד במאה ה-16.,לא,strong,0.62,0.25,42937,travel,
hn43367,?,עובדים אלה יצטרכו לעבור הכשרה צולבת כדי שיוכלו לטפל הן בעיבוד ההחזרים והן באחריות התאימות שלהם.,אותם עובדים יצטרכו לעבור הכשרה כדי שיוכלו לטפל בעיבוד החזרות שלהם.,עובדים אלה לא יצטרכו לעבור הכשרה כדי שיוכלו לטפל בעיבוד החזרות שלהם.,לא,strong,0.62,0.56,43367,government,
hn43371,?,אבל נשים בנות זמננו יכולות לקבל את שניהם.,נשים מודרניות יכולות לקבל את זה בכל דרך.,נשים לא יכולות לקבל את שניהם.,לא,strong,0.62,0.50,43371,slate,
hn46901,?,"בנוסף להוצאותיה הישירות, הממשלה הפדרלית מציעה תמריצי מס כדי לעודד חיסכון והשקעה שאינם פדרליים.","הממשלה הפדרלית מציעה גם תמריצים מס כדי לקדם חסכון והשקעה שאינם קשורים לממשלה הפדרלית, בנוסף להוצאות ישירות.",הממשלה הפדרלית לעולם לא מציעה תמריצים מס כדי לעודד חיסכון והשקעה.,לא,strong,0.62,0.54,46901,government,
hn47018,?,כדור הארץ במאזן של גור הואשם הן בחשיבה מעורפלת והן בקידום פוליטי עירום.,"מאשימים את הספר ""כדור הארץ במאזן"" של גור בקידום פוליטי גלוי.","הספר ""כדור הארץ במאזן"" של גור מעולם לא הואשם בחשיבה מעורפלת.",מעולם לא,phrase,0.62,0.54,47018,slate,
hn53260,?,הוא תמיד שמר על חדר השינה [והארונות] נעולים.,הוא שמר על חדר השינה נעול,הוא שמר על חדרי השינה לא נעולים,לא,strong,0.62,0.62,53260,slate,
hn57480,?,"אלו שחושבים שהפוליטיקה קובעת את מהלך הטכנולוגיה (לדוגמה,",יש המאמינים שהפוליטיקה משפיעה על נתיב הטכנולוגיה.,אלה שחושבים שהפוליטיקה בשום אופן לא קובעת את מהלך התחבורה.,בשום אופן | לא,"phrase,strong",0.62,0.25,57480,slate,
hn63016,?,"זה מספיק טוב, אבל יש לי תוכנית אחרת.","יש לי הצעה נוספת, אם כי זה מספיק.",זה לא מספיק ואין לי תוכנית אחרת.,לא | ואין,strong,0.62,0.50,63016,fiction,
hn65204,?,ההפניות יופיעו בסוגריים בסוף כל פסקה או איור.,"בסוף כל פסקה או איורים, שם יופיעו ההפניות.",לא יהיה כלום בסוף כל פסקה או איור.,לא,strong,0.62,0.75,65204,government,
hn68954,?,היא הגיעה להכיר את בטי קארי טוב מאוד.,"עם הזמן, היא החלה להכיר טוב את בטי קארי.",היא הגיעה לא ממש לחבב את בטי קארי.,לא,strong,0.62,0.75,68954,slate,
hn69383,?,"במהלך העשור האחרון, הממשלה והאומה שלנו הפכו ל","האומה שלנו, כמו גם הממשלה שלנו, בעשור האחרון.","בעשור האחרון, הממשלה והאומה שלנו לא הפכו לכלום.",לא,strong,0.62,0.38,69383,government,
hn69912,?,אתה יכול להחליט בעצמך אם אתה אוהב את השאלה של טיילור - וזו הנקודה.,טיילור יש שאלה.,אין לך זכות להחליט אם אתה אוהב את השאלה של טיילור.,אין,strong,0.62,0.08,69912,slate,
hn70247,?,"זה שמה, אמרה טופנס, פוקחת את עיניה לרווחה.",טופנס דאגה שהעיניים שלה ייראו גדולות מאוד.,"זה לא שמה, טופנס עצמה את עיניה בפחד.",לא,strong,0.62,0.12,70247,fiction,
hn72409,?,סלינג'ר כתב מכתבים דומים לסופרות צעירות אחרות.,סופרות צעירות אחרות קיבלו מכתבים דומים גם מסאלינג'ר.,סלינג'ר אף פעם לא כתב מכתבים דומים לאף אחד אחר.,אף פעם | לא | לאף אחד,"phrase,strong",0.62,0.62,72409,slate,
hn77819,?,"לכן, יש להעריך פשרה כלכלית עבור כל פרויקט.",לכל פרויקט חייב להיות מדד כלכלי מוערך.,לא נדרשת הערכת פשרה כלכלית עבור כל פרויקט.,לא,strong,0.62,0.12,77819,government,
hn78700,?,יש לרכוש את החבילה לאחר הגעתך לפוארטו ריקו.,עליך לרכוש את החבילה לאחר שתגיע לפוארטו ריקו.,אינך נדרש לרכוש דבר לאחר הגעתך לפוארטו ריקו.,אינך,strong,0.62,0.75,78700,travel,
hn79242,?,"את עובדת ב-Tadminster, נכון, מיס מורדוך? היא הנהנה.",מיס מורדוק עבדה בטאדמינסטר.,את לא עובדת ב-Tadminster. היא הנהנה.,לא,strong,0.62,0.12,79242,fiction,
hn81462,?,אולי תחושות הבדידות המוגברות שלהם הן השתקפויות של הבנה מעמיקה יותר של המצב האנושי.,בדידות נראית כהשתקפות של הבנה של מה זה להיות אנושי.,תחושות הבדידות המוגברת שלהם לא היו השתקפויות של הבנה מעמיקה יותר.,לא,strong,0.62,0.15,81462,slate,
hn87849,?,מוזיאון הטבע של מחוז לוס אנג'לס והסניף שלו בברבנק נהדרים לכל המשפחה.,כל המשפחה יכולה להעריך את מוזיאון הטבע של מחוז לוס אנג'לס ואת הסניף שלו בברבנק.,בברבנק אין סניף של מוזיאון הטבע של מחוז לוס אנג'לס.,אין,strong,0.62,0.77,87849,travel,
hn88761,?,אלכסנדר לבד היה מעורב בשערורייה של המאפיה בסיביר.,שערוריית מאפיה התרחשה בסיביר.,אלכסנדר לבד מעולם לא היה מעורב עם המאפיה.,מעולם לא,phrase,0.62,0.12,88761,slate,
hn88841,?,"בתיאוריה, צמצום אמור להיות דרך להתאים את גודל כוח העבודה שלך לגודל העסק שלך.",צמצום צריך להתאים את כוח העבודה שלך לגודל העסק שלך.,צמצום לא יכול להתאים את כוח העבודה שלך לגודל העסק שלך.,לא,strong,0.62,0.62,88841,slate,
hn88882,?,קיימים מספר חלופות לרישום שינויים בלוחות זמנים שנקבעו.,קיימות אלטרנטיבות רבות לרישום שינויים בלוחות זמנים שנקבעו.,לא קיימות חלופות לרישום שינויים בלוחות זמנים קבועים.,לא,strong,0.62,0.62,88882,government,
hn95477,?,"הוא התנשף כשהגיע לפסגה, אבל עדיין הצליח לדבר.",הוא היה מותש כשהגיע לפסגה.,הוא לא הצליח לדבר כשהגיע לפסגה.,לא,strong,0.62,0.38,95477,fiction,
hn95743,?,ערכים אלה משקפים את ההתאמה לשינויים בהכנסה הריאלית לאורך זמן הכלולה בשומות ההטבות בסיכומי ההטבות הלאומיות שלנו.,ההתאמה לשינויים בהכנסה הריאלית לאורך זמן שנכללת בשומות ההטבות בסיכומי ההטבות הלאומיים שלנו משתקפת בערכים אלה.,ערכים אלה אינם משקפים את ההתאמה לשינויים בהכנסה הריאלית לאורך זמן.,אינם,strong,0.62,0.69,95743,government,
hn96776,?,חברות מסחריות מובילות מצפות ממנהלי התוכניות שלהן לספק מוצרים באיכות גבוהה בזמן ובתקציב.,מצופה ממנהלי תוכנית לספק מוצרים באיכות גבוהה בתוך התקציב ובזמן.,חברות מסחריות מובילות אינן מצפות ממנהלי תוכניות לספק תוכן באיכות גבוהה.,אינן,strong,0.62,0.38,96776,government,
hn96986,?,"במהלך הדיון במליאה, הובעה דאגה רבה לגבי ה-","בוויכוח, הועלתה דאגה לגבי ה-","במהלך דיון, לא הובעה כל דאגה לגבי ה-",לא,strong,0.62,0.38,96986,government,
hn98257,?,ספרים אלקטרוניים עשויים להתכנס עם מכשירים ניידים אחרים.,ספרים אלקטרוניים עשויים לעבוד עם מכשירים ניידים אחרים,ספרים אלקטרוניים לא יתמזגו עם מכשירים אחרים,לא,strong,0.62,0.88,98257,slate,
hn98950,?,טינטורטו (1518 - 1594) הביא את המנייריזם לוונציה.,טינטורטו היה בעל השפעה רבה על ונציה.,טינטורטו לא הביא את המנייריזם לוונציה.,לא,strong,0.62,0.12,98950,travel,
hn99694,?,היית מתקשר לחברים שלך בטלפון הזה קודם כל!,היית משתמש בטלפון כדי להתקשר לחברים שלך.,לעולם לא היית מתקשר לחברים שלך בטלפון.,לא,strong,0.62,0.50,99694,fiction,
hn126211,?,"על ידי השקעה בקהילה באמצעות שותפות זו, אתה יכול לעזור ליותר מ-220,000 אנשים במרכז אינדיאנה בשנה הבאה.","אתה יכול לעזור ליותר מ-220,000 אנשים במרכז אינדיאנה בשנה הבאה על ידי השקעה בקהילה באמצעות שותפות זו.",לא תעזור לאף אחד במרכז אינדיאנה בשנה הבאה על ידי השקעה בקהילה באמצעות שותפות זו.,לא | לאף אחד,"phrase,strong",0.61,1.00,126211,letters,
hn35347,?,"כדי להתמודד ביעילות עם סוגים אלה של אנשים, סנקציות אזרחיות חייבות להיות חזקות מספיק וממוקדות מספיק כדי למנוע משחקנים רעים פוטנציאליים לעשות דברים שפוגעים באחרים.","כדי להתמודד בצורה יעילה עם סוגים אלה של אנשים, סנקציות אזרחיות חייבות להיות חזקות מספיק","כדי להתמודד ביעילות עם סוגים אלה של אנשים, סנקציות אזרחיות לא חייבות להיות חזקות מספיק",לא,strong,0.61,0.57,35347,government,
hn100458,?,"ובכן, הוא הודה, ""אני מניח שזה יכול להיות גרוע יותר.",הוא הכחיש שהמצב יכול להיות גרוע יותר ממה שהוא היה.,הוא לא חשב שזה יכול להיות גרוע יותר.,לא,strong,0.60,0.50,100458,fiction,
hn103065,?,סר ג'יימס יראה אותך.,סר ג'יימס מוכן לפגוש אותך.,סר ג'יימס לא זמין כרגע.,לא,strong,0.60,0.80,103065,fiction,
hn104048,?,זאת אינך יכול לעשות עם קוסובו בלי לפגוע בקצב ובחוש ההגינות האנושית.,פעולה כזאת עם קוסובו הייתה פוגעת בתחושת ההגינות האנושית.,לעשות זאת עם קוסובו לא יפגע בתחושת ההגינות האנושית.,לא,strong,0.60,0.40,104048,slate,
hn104055,?,בקרבת מקום נמצא פסל של צ'ארלס השני על סוס.,צ'ארלס השני רוכב על סוס בתיאור פיסולי שלו.,אין פסלים של צ'ארלס השני על סוס.,אין,strong,0.60,0.50,104055,travel,
hn104467,?,גישה זו מוצגת באיור 4-2.,איור 4-2 מראה גישה זו.,איור 4-2 לא מתאר גישה זו.,לא,strong,0.60,0.60,104467,government,
hn106240,?,אתה יודע הרבה על היסטוריה?',כמה אתה יודע?,אתה לא יודע היסטוריה.,לא,strong,0.60,0.40,106240,fiction,
hn109240,?,"כן, אמר סר ג'יימס.",סר ג'יימס הסכים.,סר ג'יימס לא הסכים.,לא,strong,0.60,0.60,109240,fiction,
hn110772,?,אפילו יש חשבון עובר ושב.,יש להם חשבון עובר ושב.,אין להם חשבון עובר ושב.,אין,strong,0.60,0.80,110772,government,
hn110959,?,אז למה לעשות את זה?,למה היית עושה את זה?,למה אתה לא עושה את זה?,לא,strong,0.60,0.60,110959,slate,
hn112158,?,מי הולך? דרשה טופנס בחדות.,טופנס רצתה לדעת מי הולך.,טופנס לא התעניינה לדעת מי הולך.,לא,strong,0.60,0.60,112158,fiction,
hn112666,?,התאמנו את עלויות עיבוד הדואר עבור La Poste ו-Posti Finland.,התאמנו את עלויות עיבוד הדואר עבור Posti Finland.,לא התאמנו את עלויות עיבוד הדואר עבור פוסטי פינלנד.,לא,strong,0.60,0.70,112666,government,
hn114423,?,הם הלכו לשם כל הזמן.,זה היה המקום שאליו הם הלכו כל הזמן.,הם לא הלכו לשם.,לא,strong,0.60,0.80,114423,fiction,
hn11468,?,גוונים של צ'יקן ליטל!,"ממש כמו ב""העולם על פי צ'יקן ליטל""!",לא כמו צ'יקן ליטל בכלל.,לא,strong,0.60,0.60,11468,fiction,
hn114824,?,המידע היה צריך לכלול זיהוי ספציפי של הטובין או השירות.,הוא דרש זיהוי ספציפי של הפריט או השירות.,לא נדרש זיהוי ספציפי של הטובין או השירות.,לא,strong,0.60,0.50,114824,government,
hn115032,?,מעורבות לקוחות חשובה גם כן.,מעורבות לקוחות היא חשובה גם.,מעורבות של לקוחות לא חשובה.,לא,strong,0.60,0.80,115032,government,
hn115169,?,"לדוגמה, ניתן לעטוף סקיצות או תמונות בחומר בצבעים ודוגמאות שונים.",ניתן לעטוף חומרים בעלי דוגמאות שונות סביב תמונות.,לא ניתן לעטוף תמונות בחומר בצבעים שונים.,לא,strong,0.60,0.30,115169,oup,
hn115288,?,תמיד אמרת לי את זה.,אתה אמרת לי את זה.,מעולם לא סיפרת לי את זה.,מעולם לא,phrase,0.60,0.80,115288,fiction,
hn115341,?,"עוד שאלה אחת, מר וולס.","מר וולס, עוד שאלה אחת בשבילך.","לא עוד שאלות, מר וולס.",לא,strong,0.60,1.00,115341,fiction,
hn116659,?,"ג'ודי, מה שלומך בשיקגו?",ג'ודי נמצאת בשיקגו.,ג'ודי מעולם לא הייתה בשיקגו.,מעולם לא,phrase,0.60,0.60,116659,slate,
hn118628,?,"תגידי משהו מקורי, גנחה סינתיה.",סינתיה רצתה שאומר משהו מקורי.,סינתיה רצתה שאגיד משהו לא מקורי.,לא,strong,0.60,0.60,118628,fiction,
hn120190,?,אז הדבר הראשון שהיא זוכרת?,"ממשיכים קדימה, מה הדבר הראשון שהיא זוכרת?",היא לא זוכרת את הדבר הראשון.,לא,strong,0.60,0.80,120190,fiction,
hn120462,?,( מסביר מה גרינספן באמת אמר.),זה מסביר את כל הדברים שגרינספן באמת אמר.,זה לא מסביר שום דבר שגרינספאן באמת אמר.,לא | שום דבר,"phrase,strong",0.60,0.60,120462,slate,
hn121299,?,אתה תעזור לי למרות עצמך.,תעזור לי למרות עצמך.,"אתה לא תעזור לי, למרותי.",לא,strong,0.60,0.80,121299,fiction,
hn121766,?,"מה עוד זה יכול להיות?""",האם זה יכול להיות משהו אחר?,זה לא יכול להיות שום דבר אחר.,לא | שום דבר,"phrase,strong",0.60,0.60,121766,fiction,
hn122434,?,הצורך בשירותים משפטיים הוא מכריע.,הצורך בשירותים משפטיים הוא עצום.,הצורך בשירותים משפטיים אינו מרשים.,אינו,strong,0.60,0.80,122434,government,
hn123281,?,(מצביע שוב על תחתית הפאזל),מורה שוב בתנועה על תחתית הפאזל.,"לא מצביע, רק מגרגר על הפאזל.",לא,strong,0.60,0.80,123281,oup,
hn125492,?,תוצאות הנראות מדווחות כשינוי בדציבלים.,שינוי ב-deciviews- כיצד מדווחים על תוצאות הנראות.,תוצאות הנראות אינן מדווחות כלל.,אינן,strong,0.60,0.40,125492,government,
hn126447,?,האוכל של דבלין עבר מטמורפוזה.,האוכל של דבלין כבר עבר שינוי.,האוכל של דבלין נשאר ללא שינוי.,ללא,strong,0.60,0.80,126447,travel,
hn127577,?,לאור מה שקרה הם מעניינים.,"בהתחשב במה שקרה, הם מרתקים.","לא משנה מה קרה, הם לא מעניינים.",לא | לא,strong,0.60,0.40,127577,fiction,
hn128263,?,דוח סופי של כוח המשימה - מאושר על ידי הדירקטוריון,הדירקטוריון אישר את הדוח הסופי על כוח המשימה,דוח כוח המשימה הסופי לא אושר על ידי הדירקטוריון.,לא,strong,0.60,0.40,128263,government,
hn13253,?,הפעמון נוצק מחדש בשנות ה-1680.,"בסוף המאה ה-17, הפעמון נוצק מחדש.",הפעמון לא נוצק מחדש במהלך חייו.,לא,strong,0.60,0.60,13253,travel,
hn134041,?,"אני מדבר גם בשמך, אני יודע.",אני מבין שאני מדבר בשם שנינו.,"אני מדבר רק בשמי, לא בשמך.",לא,strong,0.60,0.40,134041,fiction,
hn134516,?,על זה אדבר איתך היום.,,אני לא אדבר איתך היום.,לא,strong,0.60,0.00,134516,government,WRITE PARAPHRASE
hn135294,?,"עליך תמיד להקשיב לאינסטינקטים שלך.""",,אין לך צורך להקשיב לאינסטינקטים שלך.,אין,strong,0.60,0.00,135294,fiction,WRITE PARAPHRASE
hn136468,?,ארוחת בוקר כלולה במחיר החדר.,ארוחת בוקר כלולה.,ארוחת בוקר לא כלולה.,לא,strong,0.60,0.60,136468,travel,
hn137024,?,"ובכן, אתה יכול לעשות משהו.","ובכן, יש משהו שאתה יכול לעשות.","ובכן, אין שום דבר שאתה יכול לעשות.",אין | שום דבר,"phrase,strong",0.60,0.80,137024,fiction,
hn137109,?,זה היה בבירור המקרה בקשר לתקני העצמאות הנוכחיים של AICPA.,זה היה בבירור המקרה בקשר ל-AICPA.,זה בבירור לא היה המקרה בקשר עם AICPA.,לא,strong,0.60,0.50,137109,government,
hn137901,?,הוצגו ותואמו עם מחקר המקרה,הוא הוצג ותואם עם מחקר המקרה.,הוא לא הוצג עם מחקר המקרה.,לא,strong,0.60,0.60,137901,government,
hn138441,?,אנחנו מעריכים את הרצון שלך לעזור אבל אנחנו יכולים לדאוג לעצמנו.,,"אנחנו צריכים את העזרה שלך, אנחנו לא יכולים לדאוג לעצמנו.",לא,strong,0.60,0.00,138441,fiction,WRITE PARAPHRASE
hn138727,?,טיפול צדקה בבתי חולים למטרות רווח הוא חצי מבתי חולים ללא מטרות רווח.,יש טיפול צדקה בבתי חולים.,אין טיפול צדקה בבתי חולים ללא מטרות רווח.,אין,strong,0.60,0.40,138727,slate,
hn138846,?,"כתוצאה מכך, מספר הגישות החדשות",יש גישות חדשות עכשיו.,מספר הגישות החדשות לא הושפע.,לא,strong,0.60,0.00,138846,government,
hn139077,?,זו הבעיה עם כוכבי כדורסל.,יש בעיה עם כוכבי כדורסל.,אין שום בעיה עם כוכבי כדורסל.,אין,strong,0.60,0.60,139077,slate,
hn139986,?,"חיפשתי את זה בכל מקום.""",,לא חיפשתי את זה.,לא,strong,0.60,0.00,139986,fiction,WRITE PARAPHRASE
hn141121,?,בתי ספר המשרתים אזורים כפריים.,בתי הספר משרתים אזורים כפריים.,אין בית ספר המשרת אזורים כפריים.,אין,strong,0.60,0.60,141121,government,
hn141601,?,יעדים הקשורים ישירות לתוצאות הארגוניות,התוצאות יכולות להיות מקושרות למטרות מסוימות.,היעדים לא קשורים ישירות לתוצאות הארגוניות.,לא,strong,0.60,0.00,141601,government,
hn142184,?,מה אם הוא יתקוף ראשון?',,מה אם הוא יברח ולא יילחם?,ולא,strong,0.60,0.00,142184,fiction,WRITE PARAPHRASE
hn14284,?,סוסי R הכפולים נעלמו לאחרונה.,לאחרונה סוסי R כפול נעלמו.,אף אחד מהסוסים הכפולים R לא נעלם לאחרונה.,אף אחד | לא,"phrase,strong",0.60,0.80,14284,fiction,
hn142879,?,התלונה היא שהם מייצאים בכלל.,הם מייצאים דברים.,הבעיה היא שהם לא מייצאים מספיק.,לא,strong,0.60,0.20,142879,slate,
hn143570,?,מהות הסבר משבר הטילים בקובה.,משבר הטילים בקובה קשור לצבא.,משבר הטילים בקובה אינו עוסק בטילים.,אינו,strong,0.60,0.60,143570,government,
hn143741,?,"ניהול, מערכות מידע ונהלי עסקים.",,אין ניהול ונהלי עסקים נוראיים.,אין,strong,0.60,0.00,143741,government,WRITE PARAPHRASE
hn14501,?,הנגרים היו יעילים באותה מידה.,הנגרים היו יעילים.,הנגרים היו לא יעילים.,לא,strong,0.60,0.60,14501,fiction,
hn145688,?,אבל זה לא הופך אותם לטועים.,הם לא טועים למרות ויכוחים קודמים.,זה הופך אותם ללא נכונים.,ללא,strong,0.60,0.00,145688,slate,
hn145832,?,האם אני ער או ישן?,,אני לא מתעורר או ישן.,לא,strong,0.60,0.00,145832,slate,WRITE PARAPHRASE
hn1496,?,למה הם חשבו שאנחנו כאן?,למה הם חשבו שאנחנו פה?,האם הם לא הבינו שאנחנו כאן?,לא,strong,0.60,0.80,1496,fiction,
hn1651,?,באוארשטיין היה שם באותו ערב.,מישהו היה שם בערב.,באוארשטיין לא היה שם בערב.,לא,strong,0.60,0.40,1651,fiction,
hn16961,?,מי הוא? שאל קא'דן.,קאדן רצה לדעת מי הוא.,קאדאן לא שאל אף אחד מי הוא.,לא | אף אחד,"phrase,strong",0.60,0.40,16961,fiction,
hn17274,?,"לאחר שהפסיד בערעור ונענש על ידי שופטי בית המשפט לערעורים, הוא ניסה לערער לבית המשפט העליון.",הוא ניסה לפנות לבית המשפט העליון לאחר שהפסיד בערעור שלו.,הוא לא ניסה לערער לבית המשפט העליון לאחר שהפסיד בערעור שלו.,לא,strong,0.60,0.53,17274,slate,
hn17768,?,ועכשיו הבנים הגדולים רוצים להרוויח.,הבנים רוצים למשוך את כספיהם.,הבנים הגדולים לא רוצים לממש.,לא,strong,0.60,0.40,17768,slate,
hn22398,?,אנחנו יכולים לתקן את זה.',אפשר לתקן את זה.,אי אפשר לתקן את זה.,אי אפשר,phrase,0.60,0.60,22398,fiction,
hn22699,?,זה כבר היה שם בתערובת.,הוא כבר היה כלול בתערובת.,זה לא היה כבר חלק מהתערובת.,לא,strong,0.60,0.60,22699,fiction,
hn23738,?,"זה חבל, אמר ג'ון.",ג'ון אמר שזה חבל.,ג'ון לא חשב שזה חבל.,לא,strong,0.60,0.80,23738,fiction,
hn24197,?,"אלוהים, הוא היה באמת עייף.",הוא היה מאוד עייף.,הוא לא היה עייף בכלל.,לא,strong,0.60,0.60,24197,fiction,
hn26087,?,הערכת הפחתות סיכון לסרטן קטלני.,הערכה של הפחתות סיכון לסרטן קטלני.,אין הערכה של סיכון לסרטן קטלני.,אין,strong,0.60,0.80,26087,government,
hn26378,?,"האם זה הרעיון שלך, טופנס?""","את חשבת על זה, טאפנס?","זה הרעיון שלך, לא?",לא,strong,0.60,0.20,26378,fiction,
hn27407,?,"כן, זה היה רעיון חכם!",איזה רעיון חכם!,"לא, זה היה רעיון נורא.",לא,strong,0.60,0.40,27407,fiction,
hn28550,?,המסמכים האלה היו הנאמנות שלי.,האמון שלי היה במסמכים האלה.,המסמכים האלה לא היו חשובים לי.,לא,strong,0.60,0.40,28550,fiction,
hn28882,?,שאחד מהם התאים אני יודע.,לפחות אחד מהם התאים.,איני יודע אם מישהו מהם התאים.,איני,strong,0.60,0.40,28882,fiction,
hn30345,?,"להתראות, טומי. הרכבת יצאה מהתחנה.","טומי נפרד, והרכבת עזבה את התחנה.",הרכבת לא יצאה מהתחנה.,לא,strong,0.60,0.20,30345,fiction,
hn30665,?,"סוזן אומרת שהם יודעים מי היצורים האלה, אמר ג'ון.",ג'ון אמר שסוזן יודעת מי היצורים.,ג'ון אמר שסוזן לא ידעה מי היצורים האלה.,לא,strong,0.60,0.50,30665,fiction,
hn30858,?,בסדר? אז יש לנו עסקה?,האם יש עסקה כרגע?,אז אני מניח שאין לנו עסקה.,שאין,strong,0.60,0.40,30858,fiction,
hn31550,?,מישהו חייב לספוג את ההפסד.,,אף אחד לא צריך לספוג את ההפסד.,אף אחד | לא,"phrase,strong",0.60,0.00,31550,slate,WRITE PARAPHRASE
hn31578,?,"כן, אדוני, זיהיתי אותך מיד.","אדוני, כמובן, זיהיתי אותך מיד.","סליחה, אפילו לא זיהיתי אותך אדוני.",לא,strong,0.60,0.80,31578,fiction,
hn32219,?,ג'ון עמד בכניסה לאוהל.,ג'ון עמד ליד דש האוהל.,ג'ון לא התקרב לאוהל.,לא,strong,0.60,0.60,32219,fiction,
hn32325,?,"אם כן, על מה אכתוב?","אם זה נכון, על מה עלי לכתוב?","אם לא, על מה עלי לשיר?",לא,strong,0.60,0.60,32325,slate,
hn32424,?,הערה: פיצ'פורק פאט חזר!,הכינוי של פט הוא קלשון והנה הוא חזר!,פיצ'פורק פאט לעולם לא יחזור.,לא,strong,0.60,0.20,32424,slate,
hn32925,?,עכשיו סיימתי עם החדר הזה.,סיימתי עם האזור הזה עכשיו.,עדיין לא סיימתי את החדר הזה.,לא,strong,0.60,0.80,32925,fiction,
hn35205,?,"בוש, או אל גור שהוא.","בוש או אל גור, אחד מהם.",לא בוש ולא אל גור.,לא | ולא,strong,0.60,0.80,35205,slate,
hn35965,?,הייתי צריך ללמוד מחדש הכל.,הייתי צריך ללמוד הכל מחדש.,"למזלי, לא הייתי צריך ללמוד שוב שום דבר.",לא | שום דבר,"phrase,strong",0.60,1.00,35965,fiction,
hn38512,?,"במקרים מסוימים, סוכנויות התמקדו תשומת ליבנו בפרקטיקות שהחלו מוקדם יותר.",ישנם מקרים בהם סוכנויות התמקדו בפרקטיקות שהחלו מוקדם יותר.,אין מקרים שבהם סוכנויות התמקדו בפרקטיקות שהחלו מוקדם יותר.,אין,strong,0.60,0.60,38512,government,
hn39051,?,"""הוא יצטרך,"" אמר דרו בקדרות.",,דרו אמר שלא יצטרך.,שלא,strong,0.60,0.00,39051,fiction,WRITE PARAPHRASE
hn42283,?,הנשים צחקו וצ'רק אמר:,הבנות צחקו ואז צ'רק צייץ:,הבנות בכלל לא התרשמו וצ'רק אמר:,בכלל לא,phrase,0.60,0.40,42283,fiction,
hn42976,?,ואז הוא משך אותו בחזרה.,הוא משך אותה בחזרה.,הוא לא משך את זה בחזרה.,לא,strong,0.60,0.60,42976,fiction,
hn4416,?,בקרוב יהיו להם ילדים משלהם.,,הם לעולם לא יהיו להם ילדים,לא,strong,0.60,0.00,4416,fiction,WRITE PARAPHRASE
hn44435,?,הראשון נראה שמסביר את האחרון.,האחרון אכן נראה מוסבר על ידי הראשון.,הראשון עדיין לא מסביר את האחרון.,לא,strong,0.60,0.60,44435,slate,
hn44565,?,"אלה רק מנדרייקים, הוא הסביר.",הוא הסביר שהם היו רק דודאים.,הוא הסביר שהם בכלל לא היו מנדרייקים.,בכלל לא,phrase,0.60,0.60,44565,fiction,
hn44859,?,"סביב אחריות, התחייבויות, וסטנדרט שמירה.",תקן לשימור.,"סביב אחריות, אך לא התחייבויות.",לא,strong,0.60,0.00,44859,government,
hn45953,?,"כן, אבל זה היה אפשרי.",הייתה אפשרות.,זה היה בלתי אפשרי.,בלתי,strong,0.60,0.00,45953,fiction,
hn481,?,"נמצא בידי מר בראון, אדוני.",בידיו של מר בראון.,לא בידי מר בראון.,לא,strong,0.60,0.40,481,fiction,
hn48121,?,אתה רוצה שאני אלך איתך?,האם עלי ללכת איתך?,אתה אף פעם לא רוצה שאלך איתך.,אף פעם | לא,"phrase,strong",0.60,0.20,48121,slate,
hn48341,?,דחיסת דיסק ורשת לתוך Windows.,דחיסת דיסקים ורשת אפשריים ב-Windows.,דחיסת דיסק ורשת אינם אפשריים ב-Windows.,אינם,strong,0.60,0.40,48341,slate,
hn49152,?,אבל שיחה היא גם חשובה.,שיחה היא כל כך חשובה.,שיחה היא לא חשובה.,לא,strong,0.60,0.60,49152,slate,
hn49806,?,"כן, היא הראתה לנו אותן.","כן, היא הראתה לנו.","לא, היא לא הראתה לנו כלום.",לא | לא,strong,0.60,0.80,49806,fiction,
hn49971,?,הסיבה לראות את איש על הירח היא ג'ים קארי.,ג'ים קארי נמצא בסרט איש על הירח.,"ג'ים קארי לא נמצא ב""איש על הירח"".",לא,strong,0.60,0.60,49971,slate,
hn50279,?,"המזבח הראשי העצום מורכב משיש אדום, יספר ירוק וברונזה מוזהבת.",הרטבלה הראשית העצומה מכילה שיש אדום ואחרים.,המזבח הראשי העצום לא מורכב משיש אדום.,לא,strong,0.60,0.10,50279,travel,
hn51161,?,היה בזה משהו מוזר ומפחיד.,היה בזה משהו מטריד ומפחיד.,לא היה בזה שום דבר מוזר או מפחיד.,לא | שום דבר,"phrase,strong",0.60,0.80,51161,fiction,
hn52493,?,אני צריך לנגב את זה!,זה הכרחי עבורי לנגב את זה!,אני לא צריך לנגב כלום בכלל.,לא,strong,0.60,0.60,52493,oup,
hn54833,?,איכות החיים נותרת עניינם העיקרי.,איכות החיים ממשיכה להיות עיסוק עיקרי.,איכות החיים כבר לא עיסוקם העיקרי.,לא,strong,0.60,0.40,54833,travel,
hn55016,?,כולנו יודעים את זה עכשיו.,אנחנו יודעים את זה עכשיו.,אנחנו לא יודעים את זה.,לא,strong,0.60,0.80,55016,slate,
hn5624,?,9 אחוזים מהילדים עדיין עניים.,9% מהילדים עניים,רק 9% מהילדים אינם עניים,אינם,strong,0.60,0.60,5624,government,
hn57560,?,אני מכיר את מדמואזל סינתיה.,פגשתי בעבר את סינתיה.,מעולם לא פגשתי את מדמואזל סינתיה.,מעולם לא,phrase,0.60,0.40,57560,fiction,
hn60891,?,סביר מאוד שאתה סובל מתסמונת הדשא של השכן ירוק יותר.,"אתה סובל ממשהו שנקרא תסמונת הדשא של השכן ירוק יותר, ככל הנראה.",לא סביר שתסבול מתסמונת העשב של השכן ירוק יותר.,לא,strong,0.60,0.60,60891,slate,
hn61588,?,כדי לענות על צרכי הסוכנות.,עמידה בצורכי הסוכנות.,הם לא ענו על צרכי הסוכנות.,לא,strong,0.60,0.20,61588,government,
hn6296,?,יש תקדים לקאלט צ'ה.,לקאלט של צ'ה יש תקדים.,לקאלט של צ'ה אין תקדימים.,אין,strong,0.60,1.00,6296,slate,
hn64217,?,"ההקלה בחוקי האיסור הביאה אותם להישג ידם של רוב הציבור האמריקאי, והציבור הצביע עבורם ברגליו.",הציבור החל לעבור לאזורים עם חוקי איסור מקלים.,ההקלה בחוקי האיסור לא הביאה אותם להישג ידם של הציבור.,לא,strong,0.60,0.07,64217,slate,
hn6510,?,העבודה שלנו הראתה גם שהבינלאומי,עבודתנו מוכיחה שהבין...,העבודה שלנו אינה שואפת להראות שהבינלאומי...,אינה,strong,0.60,0.00,6510,government,
hn66542,?,אתה יכול לחפש את זה.,אתה יכול לחפש אותו.,זה בלתי אפשרי עבורך לחפש את זה.,בלתי,strong,0.60,0.60,66542,slate,
hn6894,?,זה יכול לקרות במיון מוקדם.,זה יכול לקרות במיון מראש.,זה לא יכול לקרות בשום מקום.,לא,strong,0.60,0.80,6894,government,
hn68970,?,תתעורר מחר בבוקר בלי שום דבר גרוע יותר.,,"לצערנו, אתה לא תתעורר מחר בבוקר.",לא,strong,0.60,0.00,68970,fiction,WRITE PARAPHRASE
hn69069,?,"ובכן, אני מקולל! הוא אמר.","לעזאזל, הוא אמר.",אני לא ארור הוא אמר.,לא,strong,0.60,0.40,69069,fiction,
hn70276,?,"'דרי,' המחשבה עלתה במוחו לפתע.",חשבתי על דרי פתאום.,המחשבה על דרי לא עלתה בראשי.,לא,strong,0.60,0.20,70276,fiction,
hn72284,?,"התעשיין אמר, ""הכל בסדר, צעיר.""",התעשיין היה בסדר עם הצעיר.,התעשיין אמר שזה לא בסדר.,לא,strong,0.60,0.40,72284,fiction,
hn7230,?,מה זה? אמר האיש החום.,האיש החום שאל מה זה.,האיש החום לא אמר דבר.,לא,strong,0.60,0.80,7230,fiction,
hn75425,?,"ובכן, אראה אותך איתו הערב.","הערב, אראה אותך איתו.",לא אראה אותך איתו הלילה.,לא,strong,0.60,0.80,75425,fiction,
hn76000,?,אני מזהה חסרונות ביהדות שלי.,אני מודע לחסרונות שלי באמונה היהודית.,איני מזהה שום חוסר ביהדות שלי.,איני,strong,0.60,0.40,76000,slate,
hn77168,?,יוזמת שמיים נקיים תמשיך להביא,יוזמת השמיים הנקיים תצליח.,יוזמת שמיים נקיים לא תצליח.,לא,strong,0.60,0.20,77168,government,
hn77833,?,אלמו הילס פשוט זרקו אותו.,אלמו הילס פשוט זרקו את זה החוצה.,אלמו הילס לא זרקו את זה.,לא,strong,0.60,0.80,77833,government,
hn78006,?,"אני עושה, אמר טומי בביטחון.","טומי אמר, מלא אופטימיות, ""אני עושה.""","""אני לא."" אמר טומי ללא חרטה.",לא | ללא,strong,0.60,0.80,78006,fiction,
hn78083,?,מדענים מנסים לשבט עוברים אנושיים.,,אף אחד לא מנסה לשבט עוברים אנושיים.,אף אחד | לא,"phrase,strong",0.60,0.00,78083,slate,WRITE PARAPHRASE
hn78732,?,הצעת תיקון נוסף לכלל הציטוט.,תיקון נוסף לכלל הציטוטים מוצע כעת.,לא מוצע תיקון לכלל הציטוט.,לא,strong,0.60,0.60,78732,government,
hn78816,?,נערה חכמה פתחה את הדלת.,גברת פתחה את הדלת.,הגברת לא פתחה את הדלת.,לא,strong,0.60,0.60,78816,fiction,
hn79785,?,"אה, הם משערים שזה מהמטוס.",הם חושבים שזה מהמטוס.,הם לא חושבים שזה מהמטוס.,לא,strong,0.60,0.60,79785,nineeleven,
hn79996,?,אני יכול להבין את זה.,הבנתי.,אני לא מבין את זה בכלל!,לא,strong,0.60,0.00,79996,fiction,
hn80298,?,תיקון באגים הוא בזבוז זמן.,תיקון באגים לוקח הרבה זמן.,תיקון באגים לא לוקח זמן בכלל.,לא,strong,0.60,0.60,80298,slate,
hn82806,?,הבהרנו שאנו מכבדים זכויות אדם.,הבהרנו שאנו מכבדים את זכויות האדם.,אנחנו לא מכבדים זכויות אדם.,לא,strong,0.60,0.80,82806,slate,
hn84526,?,'אתה חושב שאני הירואי?' לגלגתי.,שאלתי מישהו אם הוא חושב שאני הירואית.,למה אתה לא חושב שאני גבורה?,לא,strong,0.60,0.40,84526,fiction,
hn85194,?,גבר צריך לדאוג לאנשיו שלו... .,האדם צריך להזדהות עם אומתו.,גבר לא צריך לדאוג לאחרים.,לא,strong,0.60,0.20,85194,fiction,
hn8722,?,אבל רובם פנו לפרקטיקה פרטית.,הרוב המשיך לפרקטיקה פרטית.,רובם לא עברו לפרקטיקה פרטית.,לא,strong,0.60,0.40,8722,government,
hn87444,?,"אני יכול להוציא אותם החוצה.""",הם הסכימו להוציא אותם החוצה.,הם לא מסוגלים להוציא אותם החוצה.,לא,strong,0.60,0.60,87444,fiction,
hn87712,?,מלכודת זבובים היום: הכרוניקות המלאות.,הכרוניקה המלאה היא הנושא של Flytrap Today.,מלכודת זבובים אתמול: הכרוניקות הלא שלמות.,הלא,strong,0.60,0.00,87712,slate,
hn8866,?,היום נתן להם זמן להתאמן.,היה להם זמן להתאמן.,לא היה להם זמן להתאמן.,לא,strong,0.60,0.60,8866,fiction,
hn89857,?,", מגנזיום או חומרים מייצבים) יפחיתו את כמות האבן הגיר הנדרשת.",המגנזיום יקטין את כמות האבן הגיר הנדרשת.,מגנזיום לא יפחית את כמות האבן הגיר הנדרשת.,לא,strong,0.60,0.50,89857,government,
hn90033,?,הוא עשוי גם להסיר את מגבלות השכר על משכורות הניהול.,ייתכן שניתן יהיה להסיר את מגבלות השכר על משכורות ההנהלה.,לא ניתן להסיר את מגבלות השכר על משכורות ההנהלה.,לא,strong,0.60,0.60,90033,government,
hn90488,?,היצור הזכיר לו נחש ארסי.,הוא הזכיר לי נחש ארסי.,הוא לא הזכיר לי נחש ארסי.,לא,strong,0.60,0.60,90488,fiction,
hn90617,?,יכולתי קצת להסכים עם זה.,הסכמתי במידה מסוימת.,אני לא יכול להסכים עם זה בשום אופן.,לא | בשום אופן,"phrase,strong",0.60,0.00,90617,fiction,
hn94410,?,לא היה קשה לעמוד בקצב שלהם.,הם יוכלו לעמוד בקצב שלהם.,יהיה בלתי אפשרי לעמוד בקצב שלהם.,בלתי,strong,0.60,0.60,94410,slate,
hn94949,?,רחוק יותר לאורך החוף המזרחי נמצא נמל פיסו ליוואדי היפה.,בהמשך החוף המזרחי נמצא הנמל המפואר של פיסו ליוואדי.,פיסו ליבאדי אינו רחוק יותר לאורך החוף המזרחי.,אינו,strong,0.60,0.50,94949,travel,
hn96622,?,היו 273 תגובות מ-25 תוכניות.,היו 273 תגובות מ-25 התוכניות.,לא היו תגובות מ-25 התוכניות.,לא,strong,0.60,0.80,96622,government,
hn97991,?,אין שינויים מהותיים בסעיף 406 הקיים.,,לא בוצעו שינויים בסעיף 406.,לא,strong,0.60,0.00,97991,government,WRITE PARAPHRASE
hn98381,?,"היא קרובה למועד הלידה, נכון?",,"היא לא קרובה בכלל לזמנה, נכון?",לא,strong,0.60,0.00,98381,fiction,WRITE PARAPHRASE
hn98722,?,"""אני חייב להתנצל"", אמר הרופא.",הרופא אמר שהוא צריך להתנצל.,הרופא אמר שאין לו במה להתנצל.,שאין,strong,0.60,0.60,98722,fiction,
hn9908,?,תשומת לב רבה תינתן לביקוש ולמחירים שניתן יהיה לגבות בהצלחה.,המחירים שניתן לגבות בהצלחה הם נושא שיינתן לו תשומת לב רבה.,לא תשולם תשומת לב לא לביקוש ולא למחירים שניתן לגבות בהצלחה.,לא | לא | ולא,strong,0.60,0.60,9908,government,
