id,keep,target,paraphrase,negation,neg_markers,neg_tier,containment,para_containment,prompt_id,genre,note,review_note
hn100102,n,זה היה מר אינגלת'ורפ.,מר אינגלתורפ היה שם.,"זה היה גבר, אבל זה לא היה מר אינגלת'ורפ.",לא,strong,1.00,0.40,100102,fiction,,"negation adds a contrasting clause (זה היה גבר, אבל)"
hn103291,y,איכשהו אני שמח להיות רשמי מדי עבור החברה שלך.,איכשהו אני מרוצה מכך שאני רשמי מדי עבור החברה שלך.,איכשהו אני לא שמח להיות רשמי מדי עבור החברה שלך.,לא,strong,1.00,0.33,103291,slate,,
hn104982,y,מר קרטר אמר לי כך.,כך אמר לי מר קרטר.,מר קרטר לא אמר לי כך.,לא,strong,1.00,0.00,104982,fiction,,
hn106730,y,אני רוצה לחזור למרגריט.,ברצוני לשוב אל מרגריט.,אני לא רוצה לחזור למרגריט לעולם.,לא,strong,1.00,0.00,106730,fiction,quantifier,quantifier
hn106877,n,"אני יודע, אני יודע.",אני כבר מודע.,אני לא יודע כלום.,לא,strong,1.00,0.50,106877,slate,,negation drops the repetition and adds כלום
hn107129,y,האיש הגדול משך בכתפיו.,האיש הגדול הרים כתפיים.,האיש הגדול אפילו לא משך בכתפיו.,לא,strong,1.00,0.00,107129,fiction,,
hn108400,y,אני מכור לקסמים שלך.,אני שבוי בקסמים שלך.,אני לא מכור לקסמים שלך.,לא,strong,1.00,0.00,108400,slate,,
hn108458,y,מה הממשלה צריכה לעשות?,מה האנשים שמנהלים את האומה הזו צריכים לעשות?,מה הממשלה לא צריכה לעשות?,לא,strong,1.00,0.50,108458,slate,question,question
hn110357,y,נפח שירות הדואר ניתן לערעור.,היקף שירות הדואר נתון לערעור.,נפח שירות הדואר אינו ניתן לערעור.,אינו,strong,1.00,0.00,110357,government,,
hn112131,n,הוא יהיה גיבור המקצוע.,גיבור המקצוע יהיה הוא.,גיבור של המקצוע לעולם לא יהיה הוא.,לא,strong,1.00,1.00,112131,slate,,restructured
hn115033,n,יש יוצאים מן הכלל מעודדים.,ישנם חריגים שהם מעודדים.,יש יוצאים מן הכלל שאינם מעודדים.,שאינם,strong,1.00,0.20,115033,slate,,"scope: negation lands inside the NP, T and N are not contradictory"
hn11512,y,הנושא האחרון הוא מעשי.,הנושא האחרון הוא שימושי.,הנושא האחרון הוא בהחלט לא מעשי.,לא,strong,1.00,0.00,11512,slate,,
hn115426,y,היא משלמת לו על הדירה.,היא נושאת בתשלום הדירה עבורו.,היא לא משלמת לו על הדירה.,לא,strong,1.00,0.00,115426,oup,,
hn117213,n,סקירה כללית של תהליך התכנון המדינתי,יש סקירה כללית של תהליך התכנון המדינתי.,אין סקירה כללית של תהליך התכנון המדינתי.,אין,strong,1.00,1.00,117213,government,,"target is a title fragment, not a proposition"
hn117834,y,הם יכולים לקרוא לזה מום.,הם רשאים לכנות זאת מום.,הם לא יכולים לקרוא לזה מום.,לא,strong,1.00,0.00,117834,slate,,
hn12090,n,האם הם היו שם?,האם הם היו בזה?,האם הם לא היו ארוזים שם?,לא,strong,1.00,0.75,12090,slate,,negation adds ארוזים
hn121433,y,מעריצים אמיתיים יכולים ליהנות מלראות את אותו פרק ארבע או חמש פעמים.,מעריצים אמיתיים מסוגלים ליהנות מצפייה באותו פרק ארבע או חמש פעמים.,אפילו מעריצים אמיתיים לא יכולים ליהנות מלראות את אותו פרק ארבע או חמש פעמים.,לא,strong,1.00,0.58,121433,slate,quantifier,quantifier
hn1267,y,עיבוד נתונים מתואר במפורש?,עיבוד נתונים מתואר ביסודיות?,עיבוד נתונים לא מתואר במפורש?,לא,strong,1.00,0.75,1267,government,question,question
hn131541,n,"""זה מתאים לי,"" הסכים דרו.",דרו הסכים שזה מתאים לו.,"""זה לא מתאים לי"", דרו לא הסכים.",לא | לא,strong,1.00,0.60,131541,fiction,,double edit: both the quote and the reporting verb are negated
hn132293,y,מחר נעבוד על פשטות.,נעבוד על פשטות מחר.,לא נעבוד על פשטות מחר.,לא,strong,1.00,1.00,132293,fiction,,
hn132300,y,"נכון, אמר ג'ון.",ג'ון אמר שזה נכון.,"לא נכון, אמר ג'ון.",לא,strong,1.00,1.00,132300,fiction,,
hn133564,y,האם ליטלטון הייתה נקודת מפנה?,האם ליטלטון הייתה רגע מכונן?,האם ליטלטון לא הייתה נקודת מפנה?,לא,strong,1.00,0.60,133564,slate,question,question
hn134731,n,הענק מדבר! אמר אדרין.,אדרין הכריז שהענק מדבר.,"""הענק לא מדבר היום"" אמר אדרין לקהל.",לא,strong,1.00,0.50,134731,fiction,,negation adds היום and לקהל
hn135499,y,נכון שהדמוקרטים פישטו בצורה צינית את השגיאות של קווייל.,נכון שהדמוקרטים פישטו בצורה צינית את הטעויות של קווייל.,לא נכון שהדמוקרטים פישטו בצורה צינית את השגיאות של קווייל.,לא,strong,1.00,0.89,135499,slate,,
hn13602,y,אני אוהב להמציא דברים.,אני נהנה להמציא דברים.,אני לא אוהב להמציא דברים,לא,strong,1.00,0.50,13602,fiction,,
hn136851,y,מתי אנחנו רוצים את זה?,באיזה מועד אנחנו רוצים את זה?,מתי אנחנו לא רוצים את זה?,לא,strong,1.00,0.00,136851,slate,question,question
hn139615,y,דנברס הפליג לאנגליה על הלוסיטניה.,דנברס היה נוסע על סיפון הלוסיטניה והיה בדרכו לאנגליה.,דנברס לא הפליג מעולם לאנגליה על סיפון הלוסיטניה.,לא | מעולם,strong,1.00,0.80,139615,fiction,quantifier,quantifier
hn144786,y,אנחנו יכולים לברוח משם.,אנחנו מסוגלים לברוח משם.,אנחנו לא יכולים לברוח משם.,לא,strong,1.00,0.75,144786,fiction,,
hn145950,y,הממשל ימצא שליח לסין.,השלטון ימצא שליח עבור סין.,הממשל לא ימצא שליח לסין.,לא,strong,1.00,0.50,145950,slate,,
hn16481,n,חוות דעת בית המשפט,חוות דעת בית משפט,אין חוות דעת של בית המשפט,אין,strong,1.00,0.75,16481,government,,target is a noun phrase
hn171,n,"זה כאן, זה כאן, זה כאן!",,"זה לא כאן, זה לא כאן!",לא | לא,strong,1.00,0.00,171,travel,WRITE PARAPHRASE,garbled: repetition count differs between target and negation
hn18463,y,אמרתי לו את שמי.,אמרתי לו איך קוראים לי.,לא אמרתי לו את שמי.,לא,strong,1.00,0.50,18463,fiction,,
hn21822,y,הוא עמד על מה שהוא האמין בו.,הוא עמד על מה שהוא חשב שנכון.,הוא אף פעם לא עמד על מה שהוא האמין בו.,אף פעם | לא,"phrase,strong",1.00,0.71,21822,slate,quantifier,quantifier
hn22106,n,"מה אתה חושב, יוליוס?""","""יוליוס, מה דעתך?""","""יוליוס לא אכפת לי מה אתה חושב"".",לא,strong,1.00,0.50,22106,fiction,,negation garbled by MT
hn25309,y,אנחנו צריכים לדבר עם ה-FAA.,עלינו לדבר עם ה-FAA.,אנחנו לא צריכים לדבר עם ה-FAA.,לא,strong,1.00,0.20,25309,nineeleven,,
hn26842,y,אבל הם יתרגלו לזה.,אבל הם יסתגלו לזה.,אבל הם לעולם לא יתרגלו לזה!,לא,strong,1.00,0.75,26842,slate,quantifier,quantifier
hn2730,y,אל גור יכול לעשות גרוע יותר.,אל גור יכול היה לעשות דברים גרועים יותר.,אל גור לא יכול היה לעשות גרוע יותר.,לא,strong,1.00,0.83,2730,slate,,
hn3211,n,"MSNBC, USA Today, ו-Yahoo!",יש רשתות חדשות.,MSNBC לא היה עם USA Today ו-Yahoo!,לא,strong,1.00,0.00,3211,slate,,target is a list of names
hn3280,y,אנחנו יכולים להגן על העיר שלך.,אנחנו מסוגלים להגן על העיר שלך.,אנחנו לא יכולים להגן על העיר שלך.,לא,strong,1.00,0.00,3280,fiction,,
hn33698,y,זה מרכז ניו יורק.,כאן מרכז ניו יורק.,זה לא מרכז ניו יורק.,לא,strong,1.00,0.75,33698,nineeleven,,
hn33804,y,אני חושב שהם אוהבים את מה שעשיתי עם ניו יורק.,"הם אוהבים את מה שעשיתי עם ניו יורק, אני חושב.",אני לא חושב שהם אוהבים את מה שעשיתי עם ניו יורק.,לא,strong,1.00,0.90,33804,slate,neg-raising,neg-raising
hn41017,y,האחרון פנה אל טומי.,האחרון ניגש אל טומי.,האחרון לא פנה אל טומי.,לא,strong,1.00,0.25,41017,fiction,,
hn42432,n,שני צירים הזמן התאחדו.,שני צירים הזמן השונים השתלבו.,שני צירים הזמן לא התאחדו.,לא,strong,1.00,0.75,42432,fiction,,MT garbled Hebrew in the target
hn44760,y,ראיתי את ג'ון.,פגשתי את ג'ון.,עדיין לא ראיתי את ג'ון.,לא,strong,1.00,0.00,44760,fiction,,
hn45801,n,"אני אומר, תודה לך.","תודה, זה מה שאני אומר.","לא תודה לך, אני אומר.",לא,strong,1.00,0.50,45801,slate,,"word order shifted, not a clean polarity flip"
hn45888,y,פוארו מיהר להסביר את עצמו.,פוארו נחפז להסביר את עצמו.,פוארו לא מיהר להסביר את עצמו.,לא,strong,1.00,0.00,45888,fiction,,
hn46505,y,הייתי צריך לעזור לה.,הייתי צריך לתת לה עזרה.,לא הייתי צריך לעזור לה.,לא,strong,1.00,0.75,46505,fiction,,
hn47044,y,אני רוצה שהיא תעזוב.,הייתי רוצה שהיא תעבור לגור במקום אחר.,אני לא רוצה שהיא תעזוב לעולם.,לא,strong,1.00,0.50,47044,slate,quantifier,quantifier
hn4776,y,מה אני יכול לעשות?,מה באפשרותי לעשות?,מה אני לא יכול לעשות?,לא,strong,1.00,0.00,4776,slate,question,question
hn49380,y,הוועדה כללה סיכום של ניתוח הגמישות הרגולטורית הראשוני שלה.,הוועדה צירפה סיכום של ניתוח הגמישות הרגולטורית הראשוני שלה.,הוועדה לא כללה סיכום של ניתוח הגמישות הרגולטורית הראשוני שלה.,לא,strong,1.00,0.33,49380,government,,
hn50393,n,"עורך ראשי, Business Week",ל-Business Week יש עורך ראשי.,ל- Business Week אין עורך ראשי.,אין,strong,1.00,0.75,50393,slate,,target is a masthead fragment
hn53013,y,"המכונות, לעומת זאת, נראות מטושטשות.","בהשוואה, המכונות נראות מטושטשות.","לעומת זאת, המכונות לא נראות מטושטשות.",לא,strong,1.00,0.60,53013,slate,,
hn54723,n,"""ראיתי גם את זה.",,לא ראיתי את זה גם.,לא,strong,1.00,0.00,54723,fiction,WRITE PARAPHRASE,garbled: stray quote and reordered negation
hn55725,y,"אנחנו החברים שלך, מר פרנקלין.","אנחנו ידידיך, מר פרנקלין.","אנחנו לא החברים שלך, מר פרנקלין.",לא,strong,1.00,0.00,55725,fiction,,
hn57990,y,"ראית אותו, אני מניח?",אני מניח שראית אותו?,"לא ראית אותו, אני מניח?",לא,strong,1.00,0.75,57990,fiction,question,question
hn58497,y,"נכון, אמר ג'ון.",ג'ון אמר שזה נכון.,ג'ון אמר שזה לא נכון.,לא,strong,1.00,1.00,58497,fiction,,
hn60839,y,האם זה היה שווה את זה?,האם זה הצדיק את המאמץ?,האם זה לא היה שווה את זה בכלל?,לא,strong,1.00,0.00,60839,slate,question,question
hn61024,y,מר בראון תפס את מקומו.,מר בראון התיישב במקומו.,מר בראון לא תפס את מקומו.,לא,strong,1.00,0.00,61024,fiction,,
hn62265,n,אי-ודאויות אחרות ספציפיות להערכת תמותה מוקדמת כוללות את ה-,,אי-ודאויות אחרות שאינן ספציפיות להערכת תמותה מוקדמת כוללות את ה-,שאינן,strong,1.00,0.00,62265,government,WRITE PARAPHRASE,target truncated mid-sentence; negation also changes scope
hn64490,y,הדברת מזיקים תטופל בפרק עתידי.,הדברה תהיה הנושא של פרק עתידי.,הדברת מזיקים לא תטופל לעולם בפרק עתידי.,לא,strong,1.00,0.20,64490,slate,quantifier,quantifier
hn7032,y,אתה מתכוון לג'יין פין.,"ג'יין פין, לזו אתה מתכוון?",אתה לא מתכוון לג'יין פין.,לא,strong,1.00,0.40,7032,fiction,,
hn71825,n,אתה יודע מה שאלתי אותך עכשיו.,שאלתי אותך משהו עכשיו.,אתה לא יודע מה שאלתי אותך עכשיו?,לא,strong,1.00,0.50,71825,fiction,,"target is a statement, negation is a question"
hn72130,y,"הזקן היה כזה, הודה יוליוס.",יוליוס הודה שכזה היה הזקן.,"הזקן לא היה כזה בכלל, הודה יוליוס.",לא,strong,1.00,0.60,72130,fiction,,
hn76378,y,למה אתה צריך את זה?,מדוע אתה זקוק לזה?,למה אתה לא צריך את זה?,לא,strong,1.00,0.00,76378,fiction,question,question
hn79961,y,דול סומך על וודוורד.,דול שומר על אמונו בוודוורד.,דול לא סומך על וודוורד.,לא,strong,1.00,0.50,79961,slate,,
hn80080,n,מתאים למטרת מחקר המקרה?,מתאים לסיבת המקרה הנלמד?,לא מתאים למטרת מחקר המקרה,לא,strong,1.00,0.50,80080,government,,"fragment, and the question mark is dropped in the negation"
hn81917,y,זה היה על הכרטיס שלו.,זה הופיע על הכרטיס שלו.,זה לא היה בכלל על הכרטיס שלו.,לא,strong,1.00,0.20,81917,fiction,,
hn84661,y,אתה קורא את העיתון שהם רצו לעשות.,אתה קורא את המסמך שהם רצו להכין.,אתה קורא את העיתון שהם לא רצו לעשות.,לא,strong,1.00,0.43,84661,slate,,
hn89318,y,ניסיתי לסבול את זה.,עשיתי ניסיון לשאת את זה.,אפילו לא ניסיתי לסבול את זה.,לא,strong,1.00,0.00,89318,fiction,,
hn91031,y,"זה נכון, הוא הודה.",הוא הודה שזה נכון.,"זה לא נכון, הוא הודה.",לא,strong,1.00,0.75,91031,fiction,,
hn9558,n,תקני דיווח לביקורות ביצועים,,תקני דיווח לא לביקורות ביצועים.,לא,strong,1.00,0.00,9558,government,WRITE PARAPHRASE,target is a title fragment
hn96767,n,"""כי אתה יכול להחזיר את השמיים.",כי אתה יכול להחזיר את השמיים למקום המקורי שלהם.,"כי אף אחד, אפילו לא אתה, יכול להחזיר את השמיים.",אף אחד | לא,"phrase,strong",1.00,1.00,96767,fiction,,target truncated; negation is ungrammatical (missing לא)
hn49766,y,"לפני שאדם בעל הכנסה נמוכה יוכל לקבל סיוע משפטי הולם, אותו אדם צריך לקבל גישה למערכת השירותים המשפטיים.","לפני שאדם עם הכנסה נמוכה יכול לקבל סיוע משפטי מתאים, אותו אדם צריך לקבל גישה למערכת השירותים המשפטיים.","לפני שאדם בעל הכנסה נמוכה יכול לקבל סיוע משפטי הולם, אותו אדם אינו צריך לקבל גישה למערכת השירותים המשפטיים.",אינו,strong,0.94,0.82,49766,government,,
hn110892,y,חשבתי שזה מתאים גם לעונת החגים וגם לניתוח שלאחר מעשה של תיק תעריפי הדואר.,חשבתי שזה מתאים גם לעונות החגים וגם לניתוח שלאחר מעשה של תעריפי הדואר.,חשבתי שזה לא מתאים גם לעונת החגים וגם לניתוח שלאחר מעשה של תעריפי הדואר.,לא,strong,0.93,0.86,110892,government,,
hn11441,n,"בנוסף, את התרומה המלאה בסך 1,000 דולר ניתן לפרט כניכוי ממס הכנסה פדרלי.","התרומה המלאה של 1,000 דולר, בנוסף, יכולה להיות מפורטת כניכוי מס הכנסה פדרלי.","בנוסף, לא ניתן לפרט את כל התרומה בסך 1,000,000 דולר כניכוי ממס הכנסה פדרלי.",לא,strong,0.93,0.64,11441,letters,,"number changed: 1,000 -> 1,000,000"
hn67507,y,חוק סרבנס-אוקסלי משנת 2002 מספק מסגרת חזקה לממשל תאגידי יעיל יותר ולוויסות מקצוע החשבונאות.,חוק סרבנס-אוקסלי משנת 2002 מספק מסגרת לניהול תאגידי אפקטיבי ולוויסות מקצוע הראיית חשבון.,חוק סרבנס-אוקסלי משנת 2002 אינו מספק מסגרת חזקה לממשל תאגידי יעיל יותר ולרגולציה של מקצוע החשבונאות.,אינו,strong,0.93,0.64,67507,government,,
hn72843,y,"המדינות בקטגוריה זו כוללות את קליפורניה, קונטיקט, אילינוי, אינדיאנה, קנטקי, מרילנד, מישיגן, מיזורי, ניו ג'רזי, ניו מקסיקו, אורגון, רוד איילנד, וירג'יניה המערבית וויומינג.","קליפורניה, קונטיקט, אילינוי, אינדיאנה, קנטקי, מרילנד, מישיגן, מיזורי, ניו ג'רזי, ניו מקסיקו, אורגון, רוד איילנד, וירג'יניה המערבית וויומינג נמנות עם המדינות בקטגוריה זו.","המדינות בקטגוריה זו אינן כוללות את קליפורניה, קונטיקט, אילינוי, אינדיאנה, קנטקי, מרילנד, מישיגן, מיזורי, ניו ג'רזי, ניו מקסיקו, אורגון, רוד איילנד, ווסט וירג'יניה ויומינג.",אינן,strong,0.92,0.08,72843,government,,
hn133001,y,המגוון והאנרגיה של חיי הלילה כאן עקפו את אלה של הגדה השמאלית.,המגוון והאנרגיה של חיי הלילה כאן עלו על אלה של הגדה השמאלית.,המגוון והאנרגיה של חיי הלילה כאן לא עקפו את הגדה השמאלית.,לא,strong,0.91,0.27,133001,travel,,
hn55816,y,הרפובליקה הימית של ג'נובה קמה כדי לאתגר את עליונותה של ונציה.,"ג'נובה, הרפובליקה הימית, קמה לאתגר את עליונותה של ונציה.",הרפובליקה הימית של ג'נובה לא קמה מעולם לאתגר את עליונותה של ונציה.,לא | מעולם,strong,0.91,0.91,55816,travel,quantifier,quantifier
hn136464,n,או האם שימוש לרעה ברוחב פס הוא שאלה מוסרית אמיתית?,האם שימוש לרעה ברוחב פס הוא שאלה מוסרית אמיתית?,האם שימוש לרעה ברוחב הפס הוא שאלה מוסרית אמיתית או לא אמיתית?,לא,strong,0.90,0.90,136464,slate,,"alternative question (או לא), not a negation"
hn31800,y,סעיף זה מסכם את תוצאות המחקר שלנו ועבודת מחקר המקרה.,תוצאות המחקר שלנו ועבודת המקרה מסוכמות בסעיף זה.,סעיף זה אינו מסכם את תוצאות המחקר שלנו ועבודת המקרה.,אינו,strong,0.90,0.60,31800,government,,
hn82262,y,רפורמות בצדק אזרחי נלקחו בחשבון בעת הוצאת כלל סופי זה.,הכלל הסופי הזה לקח בחשבון רפורמות בצדק האזרחי.,רפורמות בצדק האזרחי לא נלקחו בחשבון בעת הוצאת כלל סופי זה.,לא,strong,0.90,0.30,82262,government,,
hn103338,y,הוצאות המנהל כוללות הקצאה מתאימה של עלויות תקורה של הסוכנות.,הוצאות המנהל כוללות הקצאה נאותה של עלויות תקורה של הסוכנות.,הוצאות המינהל אינן כוללות הקצאה מתאימה של עלויות תקורה של הסוכנות.,אינן,strong,0.89,0.89,103338,government,,
hn145692,y,אפשר לטעון שהבלגן במינויים הוא יותר אסתטי מאשר מהותי.,ניתן לטעון שהבלגן במינויים הוא יותר אסתטי מאשר מהותי.,אי אפשר לטעון שהבלגן במינויים הוא יותר אסתטי מאשר מהותי.,אי אפשר,phrase,0.89,0.89,145692,slate,privative,privative
hn42675,y,"אני באמת יודע איך לעשות את זה כשאני חושב.""",אני יודע בוודאות איך לעשות את זה כשאני חושב,אני לא יודע איך לעשות את זה כשאני חושב,לא,strong,0.89,0.89,42675,fiction,,
hn114609,y,הסביבה הבינלאומית למאמציו של בן לאדן הייתה אידיאלית.,הסביבה הבינלאומית למאמציו של בן לאדן הייתה בדיוק נכונה.,הסביבה לא הייתה אידיאלית למאמציו של בן לאדן.,לא,strong,0.88,0.88,114609,nineeleven,,
hn116206,n,מערכות מידע בסוכנויות פדרליות והמליץ על שיפורים רבים.,מערכות מידע בסוכנויות פדרליות המליצו על שיפורים רבים,מערכות מידע בסוכנויות פדרליות לא המליצו על שיפורים רבים,לא,strong,0.88,0.88,116206,government,,target starts mid-sentence
hn118165,n,הוא השתמש במוריס כדי לעזור לו לעבור למרכז.,מוריס עזר לו לעבור למרכז.,הוא לא השתמש באף אחד כדי לעזור לו לעבור למרכז.,לא | באף אחד,"phrase,strong",0.88,0.38,118165,slate,,"entity changed: מוריס -> אף אחד, not only polarity"
hn24829,n,הנושא החוזר הוא יותר מדי ומעט מדי הערכה עצמית.,המסר החוזר הוא דעה גבוהה מדי ונמוכה מדי על עצמו.,הנושא החוזר הוא שאין דבר כזה יותר מדי הערכה עצמית.,שאין,strong,0.88,0.38,24829,slate,,target garbled by MT
hn27613,y,"במקרים שבהם נכונותו של השולח לשלם קשורה לתוכן, ייתכן שניתן לטעון שהתוכן ימשיך להיות מוכר בתעריפים.","במקרים שבהם הנכונות לשלם של השולח קשורה לתוכן, ייתכן שניתן יהיה לטעון שהתוכן ימשיך להיות מוכר בתעריפים.","במקרים שבהם הנכונות לשלם של השולח קשורה לתוכן, יתכן שניתן לטעון שהתוכן לא ימשיך להיות מוכר בתעריפים.",לא,strong,0.88,0.94,27613,government,,
hn29775,n,החוק השני של שומן לדינמיקה חישובית מציע זאת.,שומן הגה את החוק השני של דינמיקה חישובית.,החוק השני של שומן לדינמיקה חישובית לא מציע שום דבר.,לא | שום דבר,"phrase,strong",0.88,0.62,29775,slate,,object changed: זאת -> שום דבר
hn44122,n,האם הורדת רמת האלכוהול החוקית שווה את זה?,האם זה שווה את כאבי הראש כדי להוריד את מגבלת האלכוהול החוקית?,הורדת רמת האלכוהול החוקית שווה את זה ללא ספק,ללא,strong,0.88,0.75,44122,slate,,the 'negation' is not negated at all
hn72178,n,פסטיבל הסרטים הבינלאומי של הונג קונג מתקיים באפריל.,,פסטיבל הסרטים הבינלאומי של הונג קונג כבר לא מתקיים.,לא,strong,0.88,0.00,72178,travel,WRITE PARAPHRASE,negation drops באפריל and shifts to כבר לא
hn91839,n,המידע המשלים שפורסם ב-Federal Register כולל את הטקסט המלא של ניתוח הגמישות הרגולטורית הסופי של הוועדה.,ניתוח הגמישות הרגולטורית הסופי של הוועדה נכלל בפדרל רג'יסטר.,המידע המשלים שפורסם ב-Federal Register אינו כולל את ניתוח הגמישות הרגולטורית הסופי של הוועדה.,אינו,strong,0.87,0.40,91839,government,,negation drops content (הטקסט המלא של)
hn102944,n,שיקולים נוספים לביקורות פיננסיות שבוצעו בהתאם ל-GAGAS,,שיקולים נוספים לביקורות פיננסיות לא בוצעו בהתאם ל-GAGAS,לא,strong,0.86,0.00,102944,government,WRITE PARAPHRASE,target is a heading fragment
hn112747,y,אנשים הם אלו שגורמים לבקרה הפנימית לעבוד.,בקרה פנימית עובדת בזכות אנשים.,אנשים הם אלה שגורמים לבקרה הפנימית לא לעבוד.,לא,strong,0.86,0.14,112747,government,,
hn127137,y,"אחרת, היא הייתה לוקחת את מפתח הבית.""","אלמלא כן, היא הייתה לוקחת את מפתח הבית.",היא לעולם לא הייתה לוקחת את מפתח הבית.,לא,strong,0.86,0.86,127137,fiction,quantifier,quantifier
hn130236,y,הממשלה הפדרלית לווה מהציבור כדי לממן גירעון.,הממשלה הפדרלית לווה מהציבור כדי לממן את הגירעון,הממשלה הפדרלית לא שואלת מהציבור כדי לממן גירעון,לא,strong,0.86,0.86,130236,government,,
hn136480,y,הם הצליחו לעצור את קו הרכבת בוינדרמיר.,קו הרכבת בוינדרמיר נעצר.,הם לא הצליחו לעצור את הרכבת בוינדרמיר.,לא,strong,0.86,0.43,136480,travel,,
hn14140,n,הראיות התומכות בשיפוטים ובמסקנות המשמעותיים של המבקרים.,ראיות התומכות במסקנות ובשיפוטים המשמעותיים של המבקרים.,אין ראיות התומכות בשיפוטים ובמסקנות המשמעותיים של המבקרים.,אין,strong,0.86,0.57,14140,government,,target is a noun phrase
hn143526,n,"בוראדרו, בר קאלה 13 (בשדרת פרימרה) הוא המקום לפגוש את הג'ינטרה של חלומותיך.",ניתן למצוא ג'ינטרה נהדרת בבר קאלה 13.,"בוראדרו, בר קאלה 13 (בפלמס פרימרה) אינו המקום לפגוש את הג'ינטרה של חלומותיך.",אינו,strong,0.86,0.21,143526,travel,,location changed: בשדרת פרימרה -> בפלמס פרימרה
hn27032,y,הביצוע המוצלח של שני גורמי ההצלחה הקריטיים הללו תלוי במידה רבה בפקידים מלבד ה-CIO.,הצלחת שני גורמי ההצלחה הקריטיים האלה נשענת בעיקר על גורמים בכירים אחרים מלבד ה-CIO.,הביצוע המוצלח של שני גורמי ההצלחה המכריעים האלה לא תלוי במידה רבה בפקידים מלבד ה-CIO.,לא,strong,0.86,0.00,27032,government,,
hn37289,n,GAO נדרש לפעול לפי כללי הסנאט וה,הכרחי ש-GAO יפעל לפי כללי הסנאט.,GAO אינו נדרש לפעול לפי כללי הסנאט.,אינו,strong,0.86,0.43,37289,government,,target truncated mid-sentence
hn37936,n,"""גם אני אוהב אותו, סבא,"" אמר בורק.",גם בורק אהב אותו.,"גם אני לא אוהב אותו, סבא. אמר ישוע.",לא,strong,0.86,0.43,37936,fiction,,speaker changed: בורק -> ישוע
hn473,y,הוא חייב לדווח על כישלונו למר קרטר.,הכישלון שלו ידווח למר קרטר.,הוא לא חייב לדווח על שום כישלון למר קרטר.,לא,strong,0.86,0.29,473,fiction,quantifier,quantifier
hn48833,y,עונת הפולו העיקרית בג'מייקה רואה משחק אחר משחק על הדשא הבתולי בצ'וקה קוב.,עונת הפולו העיקרית בג'מייקה רואה משחקים רבים על הדשא הבתולי בצ'וקה קוב.,עונת הפולו העיקרית בג'מייקה לא רואה משחקים רבים על הדשא הבתולי בצ'וקה קוב.,לא,strong,0.86,0.86,48833,travel,,
hn55831,n,הכובשים החדשים של צפון הודו לא באו בלא הזמנה.,הכובשים החדשים של צפון הודו הגיעו בהזמנה.,הכובשים החדשים של צפון הודו הגיעו ללא הזמנה ובהפתעה.,ללא,strong,0.86,0.71,55831,travel,,direction inverted: the target is already negated
hn6085,n,"עד כה, התשובה היא כן! חד משמעית.","עד היום, התשובה היא בהחלט כן!","עד כה, התשובה היא לא חד משמעית!",לא,strong,0.86,0.57,6085,slate,,meaning shift: חד משמעית attaches to a different word
hn66929,y,מאר ביקש אישור להזניק את מטוסי אוטיס.,מאר פנה בבקשה לאישור להזניק את מטוסי אוטיס.,מאר לא ביקש רשות להזניק את מטוסי הקרב אוטיס.,לא,strong,0.86,0.00,66929,nineeleven,,
hn6697,n,דוח על תקני ארגון מחדש של LSC,יש דוח על תקני התיאום מחדש של LSC.,אין דוח על תקני התצורה מחדש של LSC.,אין,strong,0.86,0.86,6697,government,,target is a title fragment; negation also changes ארגון -> תצורה
hn88884,y,השיטה שנבחרה על ידי ההנהלה לרישום הסטיות צריכה להיות היעילה והאפקטיבית ביותר בנסיבות העניין.,השיטה שנבחרה על ידי ההנהלה לרישום הסטיות צריכה להיות היעילה והאפקטיבית ביותר בנסיבות.,השיטה שנבחרה על ידי הנהלה לרישום הסטיות לא צריכה להיות היעילה והאפקטיבית ביותר בנסיבות.,לא,strong,0.86,0.93,88884,government,,
hn89490,y,פעולות ספציפיות לכל שלב נדונות בסעיפים 6-10.,סעיפים 6-10 עוסקים בפעולות הספציפיות לכל שלב.,פעולות ספציפיות עבור כל שלב לא נדונות בסעיפים 6-10.,לא,strong,0.86,0.00,89490,government,,
hn92899,y,תמיד היו לי תקוות לגבי המכתב הזה.,תמיד רציתי שהמכתב הזה יגיע.,לא היו לי שום תקוות לגבי המכתב הזה.,לא,strong,0.86,0.29,92899,fiction,quantifier,quantifier
hn4199,y,"לכן, המחקר הצליח לקשר בין ציוני בחינת מצב נפשי לרמות האלכוהול בזמן ההסכמה.",המחקר יצר מתאם בין רמות האלכוהול בזמן ההסכמה לציוני מבחן המצב המנטלי.,המחקר לא הצליח לקשר בין ציוני בחינת מצב נפשי לרמות אלכוהול בזמן ההסכמה.,לא,strong,0.85,0.38,4199,government,,
hn115652,n,עושר מוחשי בר-שחזור קבוע בארצות הברית,"עושר מוחשי קבוע וניתן לשכפול בארה""ב.",עושר מוחשי קבוע שאינו ניתן לשכפול בארצות הברית.,שאינו,strong,0.83,0.50,115652,government,,target is a noun phrase
hn117439,n,זה הופך אותך לניתן לחיזוי מאוד.',,זה לא הופך אותך לניתן לחיזוי.,לא,strong,0.83,0.00,117439,fiction,WRITE PARAPHRASE,negation drops מאוד
hn118183,n,קבע את בסיס המחאה ואת פתרונה.,בסיס המחאה ופתרונה; קבע אותו.,אין לקבוע את בסיס המחאה ואת פתרונה.,אין,strong,0.83,0.50,118183,government,,imperative turned into a prohibition; paraphrase garbled
hn118617,n,ניתן לשלוח תלונות ישירות ל-Critical Path.,הנתיב הקריטי הוא המקום שאליו ניתן לשלוח את השיחות.,תלונות לא ניתן לשלוח ל-Critical Path.,לא,strong,0.83,0.33,118617,slate,,negation drops ישירות and reorders; paraphrase unrelated
hn122021,n,משהו דומה אולי קורה עם התמונות.,משהו דומה עשוי להתרחש עם התמונות.,משהו דומה בהחלט לא קורה עם התמונות.,לא,strong,0.83,0.67,122021,slate,,modality changed: אולי -> בהחלט
hn122584,n,אבל הייתי צריך לשים לב יותר.,הייתי צריך לשים לב יותר.,לא הייתי צריך לשים לב לזה יותר מדי.,לא,strong,0.83,0.83,122584,slate,,negation adds לזה and מדי
hn129216,n,"קרן המחקר של מנהלים פיננסיים, 1993.",קרן המחקר של מנהלים פיננסיים נוסדה בשנת 1993,קרן המחקר של מנהלים פיננסיים אינה קיימת.,אינה,strong,0.83,1.00,129216,government,,target is a citation fragment
hn133200,y,הייתי רוצה שהוא יראה את זה.,קיוויתי שהוא יוכל לראות זאת.,אני לא רוצה שהוא יראה את זה.,לא,strong,0.83,0.17,133200,fiction,,
hn1409,n,השופט בדימוס ג'וזף תלהופר הסכים.,השופט לשעבר ג'וזף טלהופר הסכים.,השופט ג'וזף תלהופר לא הסכים.,לא,strong,0.83,0.67,1409,government,,negation drops בדימוס
hn14371,y,תוכנית עורכי הדין המתנדבים של לשכת עורכי הדין של מדינת אלבמה עוזרת למדינה במידה מסוימת.,במידה מסוימת תוכנית עורכי הדין המתנדבים של לשכת עורכי הדין של מדינת אלבמה עוזרת למדינה.,תוכנית עורכי הדין המתנדבים של לשכת עורכי הדין של מדינת אלבמה לא עוזרת למדינה בשום צורה.,לא | בשום צורה,"phrase,strong",0.83,1.00,14371,government,quantifier,quantifier
hn144477,n,"הפלישה הנאצית, מלחמת העולם השנייה והשואה","השואה, מלחמת העולם השנייה ופלישת הנאצים.","לא מלחמת העולם השנייה, לא הפלישה הנאצית ולא השואה.",לא | לא | ולא,strong,0.83,0.50,144477,travel,,target is a list fragment
hn16974,n,פיט דוקינס בניו ג'רזי ב-1988,פיט דוקינס נסע לניו ג'רזי.,פיט דוקינס מעולם לא היה בניו ג'רזי.,מעולם לא,phrase,0.83,0.67,16974,slate,,target is a caption fragment
hn22069,n,שלושה דברים שאנחנו יודעים על השוויצרים.,ישנם שלושה דברים שאנחנו מבינים לגבי השוויצרים.,יש שלושים דברים שאנחנו לא יודעים על השוויצרים.,לא,strong,0.83,0.67,22069,slate,,number changed: שלושה -> שלושים
hn2588,y,נאמר לו שמישהו מחפש אותו בבר.,הוא שמע שמישהו בבר מחפש אותו.,לא סיפרו לו שמישהו מחפש אותו בבר.,לא,strong,0.83,0.67,2588,fiction,,
hn28728,n,מתי מחקרי מקרה משמשים כראוי בהערכה?,ניתן להשתמש במחקרי מקרה כראוי בהערכה.,מחקרי מקרה לעולם לא משמשים כראוי בהערכה.,לא,strong,0.83,0.50,28728,government,,"target is a question, negation is a statement"
hn31782,n,שסתום מדידה - מערכת העברה פנאומטית או מכנית להעברת הסופח למיקום ההזרקה,מערכת הולכה פנאומטית או מכנית היא חלק מהגדרת שסתום מדידה.,שסתום מדידה אינו מערכת העברה מכנית או פנאומטית להעברת הסופח למקום ההזרקה.,אינו,strong,0.83,0.50,31782,government,,"target is a glossary definition, not a proposition"
hn40208,y,משהו השתנה וכולם ראו את זה.,כולם ראו שמשהו השתנה.,שום דבר לא השתנה וכולם ראו את זה.,שום דבר | לא,"phrase,strong",0.83,0.33,40208,fiction,quantifier,quantifier
hn46423,y,כולם מדברים כאילו הסיכונים הם עצומים.,כולם מדברים כאילו הסיכונים הם אדירים.,כולם מדברים כאילו הסיכונים לא עצומים.,לא,strong,0.83,0.67,46423,slate,,
hn50640,n,איך אתה הולך לעשות את זה?',איך תעשה את זה?,אתה לא הולך לעשות את זה.,לא,strong,0.83,0.50,50640,fiction,,"target is a question, negation is a statement"
hn51230,n,הוא נמצא רק על חצי האי.,,הוא לא נמצא על חצי האי.,לא,strong,0.83,0.00,51230,travel,WRITE PARAPHRASE,"negation drops רק, which changes the claim"
hn5132,y,זה בדיוק מה שהיא בוחרת לשתות.,זה בדיוק המשקה שהיא בוחרת.,זה אף פעם לא מה שהיא בוחרת לשתות.,אף פעם | לא,"phrase,strong",0.83,0.00,5132,slate,quantifier,quantifier
hn55092,n,פונקציות תגובה-ריכוז לתמותה מוקדמת הקשורה ל-PM,הפונקציה לתמותה מוקדמת הקשורה ל-PM היא ריכוז-תגובה.,פונקציות ריכוז-תגובה אינן קשורות לתמותה מוקדמת הקשורה ל-PM.,אינן,strong,0.83,0.67,55092,government,,target is a heading
hn63486,n,האיש השני מעד על גופתו ונפל.,האיש השני נפל לאחר שנתקל בגופו.,האיש השני מעד על גופתו אך לא נפל.,לא,strong,0.83,0.33,63486,fiction,,only the second verb is negated
hn64680,y,אנחנו יכולים לעשות את זה שוב.,אנחנו יכולים לעשות זאת בפעם אחרת.,אנחנו לא מסוגלים לעשות את זה שוב.,לא,strong,0.83,0.50,64680,fiction,,
hn64816,n,כאן נמצאת ההפתעה הגדולה ביותר שלנו.,ההפתעה הגדולה ביותר קיימת כאן.,שם לא נמצאת ההפתעה הגדולה ביותר שלנו.,לא,strong,0.83,0.67,64816,fiction,,deixis changed: כאן -> שם
hn70749,y,חברות וול סטריט כפופות לאותן נטיות.,מגמות מסוימות משותפות לחברות וול סטריט.,חברות וול סטריט אינן נוטות לאותן נטיות.,אינן,strong,0.83,0.33,70749,government,,
hn80579,y,זה עדיין המלון הפופולרי ביותר לקבוצות.,קבוצות אוהבות את המלון הזה הכי הרבה.,זה לא המלון הפופולרי ביותר לקבוצות.,לא,strong,0.83,0.17,80579,travel,,
hn86303,n,מחלקת ההגנה תוכל להתחיל בייצור מלא.,ייתכן שמשרד ההגנה יוכל להתחיל בייצור מלא.,מחלקת ההגנה לא יכלה להתחיל בייצור מלא.,לא,strong,0.83,0.67,86303,government,,tense changed: תוכל -> יכלה
hn8941,n,'אני רוצה לראות את זה בעצמי.,הייתי רוצה לראות זאת בעצמי.,אני לא רוצה לראות את זה.,לא,strong,0.83,0.50,8941,fiction,,negation drops בעצמי
hn92742,n,פקידים המבצעים אישורים מנהליים בדרך כלל אחראים על פחות היבטים של עסקה.,,פקידים המבצעים אישורים מנהליים בדרך כלל אינם אחראים לפחות היבטים של עסקה.,אינם,strong,0.83,0.00,92742,government,WRITE PARAPHRASE,negating a comparative (פחות היבטים) is not a clean polarity flip
hn92919,y,"לאחרונה, ניהלנו בהצלחה את המעבר ל-Y2K.",לאחרונה ניהלנו את המעבר ל-Y2K בהצלחה.,לא ניהלנו את המעבר ל-Y2K בהצלחה.,לא,strong,0.83,0.17,92919,government,,
hn97952,y,"חייב להיות משהו ביניהם, היא חשבה.","יש משהו ביניהם, היא חשבה.",היא לא חשבה שיכול להיות ביניהם משהו.,לא,strong,0.83,0.67,97952,slate,neg-raising,neg-raising
hn101865,n,(יהיה זול יותר לקנות את המניה בשוק הפתוח מאשר באמצעות האופציות.),קניית המניה בשוק הפתוח תהיה זולה יותר מאשר שימוש באופציות.,"יהיה זול יותר לקנות את המניה באמצעות אופציות, ולא בשוק הפתוח.",ולא,strong,0.82,0.45,101865,slate,,the two options are swapped rather than negated
hn106138,n,זה עולה בקנה אחד עם החששות של המועצה ושל רשות השיכון.,לרשות השיכון ולמועצה יש חששות מסוימים.,זה לא עולה בקנה אחד עם החששות של רשות השיכון.,לא,strong,0.82,0.09,106138,government,,negation drops המועצה
hn119340,n,"אתר האינטרנט של המרכז כולל מידע על הפרויקטים, המחקר והפרסומים שלו.","מידע על פרסומים, מחקרים ופרויקטים נכלל באתר האינטרנט של המרכז.",אתר האינטרנט של המרכז לא כולל מידע על הפרויקטים שלו.,לא,strong,0.82,0.45,119340,government,,negation drops המחקר והפרסומים
hn121155,y,אחד מהגורמים המשפיעים על הביקוש לשירותי דואר הוא מספר משקי הבית.,אחד הגורמים המשפיעים על הביקוש לשירותי דואר הוא מספר משקי הבית.,אחד הגורמים המשפיעים על הביקוש לשירותי דואר אינו מספר משקי הבית.,אינו,strong,0.82,0.91,121155,government,,
hn37853,y,"כל עוד הכיסוי גבוה יחסית, המובילים יצטרכו לכסות את כל המסלול שלהם.","אם הכיסוי גבוה, המובילים יצטרכו לכסות את כל המסלול שלהם.","אם הכיסוי גבוה, המובילים לא יצטרכו לכסות את כל המסלול שלהם.",לא,strong,0.82,0.82,37853,government,,paraphrase and negation share the same conditional
hn42429,y,הניתוח הסופי הועבר ליועץ הראשי לעריכת דין של מינהל העסקים הקטנים.,היועץ הראשי לענייני תמיכה של מינהל העסקים הקטנים קיבל את הניתוח הסופי.,הניתוח הסופי לא הועבר ליועץ הראשי לענייני תמיכה של מינהל העסקים הקטנים.,לא,strong,0.82,0.64,42429,government,,paraphrase and negation share the same rewording of the role
hn59755,y,ההגדרה של שנה מכוסה קובעת מתי תתחיל תוכנית המסחר החדשה של WRAP.,הגדרת השנה המכוסה קובעת מתי תתחיל תוכנית המסחר החדשה של WRAP.,ההגדרה של השנה המכוסה אינה קובעת מתי תתחיל תוכנית המסחר החדשה של WRAP.,אינה,strong,0.82,0.73,59755,government,,
hn25053,y,התערבויות קצרות ניתן להשתמש בהן כדי לדרבן מטופלים כאלה לחפש או לקבל הפניה לטיפול אינטנסיבי יותר.,"כדי לתמרץ מטופלים כאלה לחפש או לקבל הפניה לטיפול אינטנסיבי יותר, ניתן להשתמש בהתערבויות קצרות.","כדי לדרבן חולים כאלה לחפש או לקבל הפניה לטיפול אינטנסיבי יותר, לא ניתן להשתמש בהתערבויות קצרות.",לא,strong,0.81,0.81,25053,government,,
hn100780,y,זה מתאים למה שדורקאס שמעה.,זה תואם את מה שדורקאס שמעה.,זה לא תואם למה שדורקאס שמעה.,לא,strong,0.80,0.60,100780,fiction,,
hn10175,y,"ובכן, נמצא אותו, אמר גבריאל.",גבריאל אמר שנמצא אותו.,"""אנחנו לעולם לא נמצא אותו"" אמר גבריאל.",לא,strong,0.80,0.60,10175,fiction,quantifier,quantifier
hn1046,y,זה נראה כאילו הכל בסדר.,נראה שהכל הולך טוב.,נראה כאילו הכל לא בסדר.,לא,strong,0.80,0.20,1046,slate,,
hn10518,y,"ואז נחכה, אמר ג'ון.",ג'ון אמר שנמתין.,ג'ון אמר שלא נחכה.,שלא,strong,0.80,0.60,10518,fiction,,
hn106888,y,גם נראיתי כמו בן פרנקלין.,גם אני דמיתי לבן פרנקלין.,לא נראיתי כמו בן פרנקלין.,לא,strong,0.80,0.20,106888,fiction,,
hn110066,y,כל אמריקאי היה בתאונת דרכים.,כל אמריקאי היה מעורב לפחות בתאונת דרכים אחת.,אף אמריקאי לא היה בתאונת דרכים.,לא,strong,0.80,1.00,110066,slate,quantifier,quantifier
hn113569,y,"בסרט, הרר יודע שהיא בהריון.",הרר יודע שהיא בהריון בסרט.,הארר לא יודע שהיא בהריון בסרט.,לא,strong,0.80,1.00,113569,slate,,
hn118412,y,אה; היא השאירה לך פתק.,היא כתבה לך פתק.,היא לא השאירה לך פתק.,לא,strong,0.80,0.60,118412,fiction,,
hn119751,n,זה יהיה קרן נאמנות או קרן מיוחדת במקרה של ייעוד (כלומר,זה יהיה קרן מיוחדת.,לא יהיה קרן נאמנות או קרן מיוחדת במקרה של ייעוד.,לא,strong,0.80,0.40,119751,government,,target truncated mid-sentence
hn123243,y,נטליה כנראה הייתה מרוצה מזה.,נטליה הייתה מרוצה ממה שקרה.,נטליה לא הייתה מרוצה מזה.,לא,strong,0.80,0.60,123243,fiction,,
hn126110,y,אני חושב שצריך לאמץ אותו.,אני מאמין שראוי לאמץ אותו.,אני לא חושב שצריך לאמץ את זה.,לא,strong,0.80,0.40,126110,fiction,neg-raising,neg-raising
hn130331,y,הוא עבר את הבדיקה הזאת.,הוא צלח את הבדיקה.,הוא לא עבר את הבדיקה.,לא,strong,0.80,0.60,130331,nineeleven,,
hn135382,y,כמובן שזה טווח חדש עבורי.,זה כמובן טווח חדש עבורי.,כמובן שזה לא טווח חדש בשבילי.,לא,strong,0.80,0.80,135382,fiction,,
hn143892,y,על הנסיעה שלך אני מצטערת.,אני מצטערת על הנסיעה שלך.,אני לא מצטערת על הנסיעה שלך.,לא,strong,0.80,0.80,143892,fiction,,
hn144421,y,אפילו הרפובליקנים רגישים לספין הזה.,אפילו הרפובליקנים פגיעים לספין הזה.,הרפובליקנים לא רגישים לספין הזה.,לא,strong,0.80,0.40,144421,slate,,
hn144984,n,"תתכונן, ג'ון אמר לאדרין.",ג'ון אמר לאדרין להתכונן.,ג'ון לא אמר כלום לאדרין.,לא,strong,0.80,0.80,144984,fiction,,object changed: תתכונן -> כלום
hn145707,y,"אז אתה האחיין שלי, נכון?","אז אתה בן אחי, נכון?","אתה לא האחיין שלי, נכון?",לא,strong,0.80,0.00,145707,fiction,,
hn14619,n,גורמים שיש לקחת בחשבון בהערכה,להערכה יש גורמים שיש לקחת בחשבון.,להערכה אין גורמים שיש לקחת בחשבון.,אין,strong,0.80,0.80,14619,government,,target is a heading fragment
hn16426,n,"""איך אתה יודע את זה?""",איך אתה יכול לדעת את זה?,איך אתה לא יכול להגיד את זה?,לא,strong,0.80,0.80,16426,fiction,,negation garbled by MT
hn17276,y,קליימן רדף אחרי קלר מאז.,קלר נרדף על ידי קליימן מאז.,קליימן מעולם לא רדף אחרי קלר בשום שלב.,מעולם לא,phrase,0.80,0.40,17276,slate,quantifier,quantifier
hn20143,n,"ראשית, תמריצים חשובים, אפילו לרוצחים.","לרוצחים, תמריצים חשובים.",אפילו תמריצים לא חשובים לרוצחים.,לא,strong,0.80,0.60,20143,slate,,restructured; the scope of אפילו moves
hn23506,n,זה יהיה בדיוק כמו טלוויזיה.,זה יהיה כאילו אנחנו בטלוויזיה.,זה לא יהיה כמו טלוויזיה או תיאטרון.,לא,strong,0.80,0.40,23506,slate,,negation adds או תיאטרון
hn24264,n,מר דנברס אמר לי להיזהר.,,מר דנברס אמר לי לא לדאוג לגבי שום דבר.,לא | שום דבר,"phrase,strong",0.80,0.00,24264,fiction,WRITE PARAPHRASE,content changed: להיזהר -> לא לדאוג
hn30866,n,התמודדות עם מסגרות זמן קצרות,,לא מתמודד עם מסגרות זמן קצרות,לא,strong,0.80,0.00,30866,government,WRITE PARAPHRASE,target is a heading fragment
hn31037,y,) מודיעין מקוטע מציע שסין רצתה להעביר כסף לקמפיין של קלינטון.,מודיעין חלקי מראה שסין התכוונה להעביר כסף לקמפיין של קלינטון.,מודיעין מקוטע מראה שסין מעולם לא התכוונה להעביר כסף לקמפיין של קלינטון.,מעולם לא,phrase,0.80,0.70,31037,slate,quantifier,quantifier
hn31532,y,'למה אתה עוקב אחרי ווייט?',מהן הסיבות שלך לעקוב אחר וייט?,למה אתה לא עוקב אחרי מר וייט?,לא,strong,0.80,0.00,31532,fiction,question,question
hn32545,n,"הוא היה גנרל צעיר למדי!""",הוא היה גנרל צעיר.,"הוא היה צעיר, אבל לא גנרל.",לא,strong,0.80,0.80,32545,fiction,,a different constituent is negated (גנרל rather than צעיר)
hn3494,y,קאדאן זיהה את הכפפות שלו.,קאדאן הכיר את הכפפות שלו.,הוא לא זיהה את הכפפות שלו.,לא,strong,0.80,0.20,3494,fiction,,
hn36065,n,הנושאים נדונים בניתוח השפעת הרגולציה.,ניתוח השפעת הרגולציה מדבר על הנושאים.,הנושאים אינם כלולים בניתוח השפעת הרגולציה.,אינם,strong,0.80,0.60,36065,government,,verb changed: נדונים -> כלולים
hn37883,y,השונות הקלה שהוועדה מצאה בזמן המסלול מתעלמים כאן לצורך הנוחות.,השונות הקלה שהוועדה מצאה בזמן המסלול מתעלמת כאן לצורך הנוחות.,השונות הקלה שהוועדה מצאה בזמן המסלול לעולם לא מתעלמים כאן לנוחות.,לא,strong,0.80,0.90,37883,government,quantifier,quantifier
hn38741,n,האם מישהו משתמש בנייר צבעוני?,אולי חלק מהאנשים משתמשים בנייר צבעוני.,אף אחד לא שואל אם מישהו משתמש בנייר צבעוני.,אף אחד | לא,"phrase,strong",0.80,0.40,38741,slate,,"negates the act of asking, not the content"
hn39485,n,לפעמים אני חולם על זה.,,"אני אף פעם לא חולם על זה, אף פעם.",אף פעם | לא | אף פעם,"phrase,strong",0.80,0.00,39485,fiction,WRITE PARAPHRASE,repetition artifact in the negation
hn39703,n,זה מה שיש לנו עכשיו.,,זה לא מה שיש לנו.,לא,strong,0.80,0.00,39703,slate,WRITE PARAPHRASE,negation drops עכשיו
hn41400,n,"אבל אתה יודע היכן זה?""","""אבל אתה מכיר את המקום שבו זה נמצא?""","""אבל אתה לא יודע איפה זה, נכון?""",לא,strong,0.80,0.60,41400,fiction,,negation adds a tag question
hn41554,y,"בנוסף, ניתוח ה-CEF כולל סקירה משמעותית של טכנולוגיות ומדיניות תחבורה.",הניתוח של CEF כולל סקירה משמעותית של טכנולוגיות ומדיניות תחבורה.,הניתוח של ה-CEF לא כולל סקירה משמעותית של טכנולוגיות ומדיניות תחבורה.,לא,strong,0.80,0.70,41554,government,,
hn43611,n,ראית קצת מלח על המגש?,אז שמת לב שהיה קצת מלח על המגש?,אני יודע שלא ראית מלח על המגש.,שלא,strong,0.80,0.80,43611,fiction,,negation adds the frame אני יודע ש
hn47945,y,אנחנו יודעים את כל זה.,אנחנו מבינים את כל זה.,אנחנו לא יודעים כלום על כל זה.,לא,strong,0.80,0.80,47945,fiction,quantifier,quantifier
hn55048,y,לפחות נראה שהלמס נתן פרובוקציה.,נראה שההתגרות ניתנה על ידי הלמס.,נראה שהלמס אפילו לא נתן פרובוקציה.,לא,strong,0.80,0.20,55048,fiction,quantifier,quantifier
hn57435,y,אני מבין את זה לגמרי.,אני מבין את זה במלואו.,אני לא מבין את זה בכלל.,לא,strong,0.80,0.80,57435,fiction,,
hn58929,y,"להיפך, אנחנו מנסים למצוא אותה.",אנחנו מנסים לאתר אותה.,אנחנו בכלל לא מנסים למצוא אותה.,בכלל לא,phrase,0.80,0.60,58929,fiction,quantifier,quantifier
hn5936,n,אתה יכול להגיע לבלאסטר שלך.,אתה בהישג יד של הבלאסטר שלך.,אתה לא יכול להגיע לקרסוליים שלך.,לא,strong,0.80,0.40,5936,fiction,,object changed: בלאסטר -> קרסוליים
hn61485,n,"האם זה כך, מו אמי?""","האם זה נכון, חברי?","מו אמי, האם זה לא נכון?",לא,strong,0.80,0.40,61485,fiction,,both are questions but of different form; not a minimal edit
hn62358,y,אנחנו גם מתכננים יוזמות חדשות.,בכוונתנו גם לקדם יוזמות חדשות.,אנחנו לא מתכננים שום יוזמות חדשות,לא,strong,0.80,0.60,62358,letters,quantifier,quantifier
hn62684,y,הזיכרונות שלכם כנראה דומים מאוד.,לזיכרונות שלכם יש הרבה דמיון.,הזיכרונות שלכם כנראה בכלל לא דומים.,בכלל לא,phrase,0.80,0.20,62684,letters,quantifier,quantifier
hn63251,y,כדאי לשקול את המצב העתידי הצפוי של היצע יצרני הדוודים.,ראוי לשקול את מצבם העתידי הצפוי של יצרני הדוודים.,לא כדאי לשקול את המצב העתידי של אספקת יצרני הדוודים.,לא,strong,0.80,0.60,63251,government,,
hn64061,n,עם תקני ניהול מוצרי תוכנה.,ישנם תקנים לניהול מוצרי תוכנה.,אין תקני ניהול מוצרי תוכנה.,אין,strong,0.80,0.40,64061,government,,target is a fragment
hn67034,y,"פוליאמוריסטים מתחזקים מגזין משלהם, שני כנסים שנתיים ו-250 קבוצות תמיכה.","לפוליאמוריסטים יש את המגזין שלהם, שני כנסים שנתיים ו-250 קבוצות תמיכה.","לבעלי פוליאמוריה אין מגזין משלהם, שני כנסים שנתיים ו-250 קבוצות תמיכה.",אין,strong,0.80,0.60,67034,slate,existential,existential
hn68055,n,מר קרטר קרא את מחשבותיו.,המחשבות שלו נקראו על ידי מר קרטר.,מר קרטר לא הצליח לקרוא את מחשבותיו.,לא,strong,0.80,0.40,68055,fiction,,modal הצליח added
hn69281,y,"הם השכנים שלנו, החברים שלנו, העמיתים שלנו.",הם השכנים או החברים שלנו.,הם לא החברים או השכנים שלנו.,לא,strong,0.80,0.80,69281,government,,paraphrase and negation drop the same item
hn70992,n,"האפיפיור היה ביקורתי, במיוחד בפולין.",האפיפיור היה ביקורתי במקומות אחרים מלבד פולין.,האפיפיור לא היה ביקורתי בפולין.,לא,strong,0.80,0.60,70992,slate,,scope change: במיוחד בפולין -> בפולין
hn73272,n,רחוב ג'ורג' היה המרכז המסורתי של הרובע הפיננסי של אדינבורו.,הרובע הפיננסי של אדינבורו ממוקם סביב רחוב ג'ורג'.,רחוב ג'ורג' מעולם לא היה הרובע הפיננסי של אדינבורו.,מעולם לא,phrase,0.80,0.70,73272,travel,,negation drops המרכז המסורתי של
hn77293,n,"במקום זאת, בהתאם לסעיף 23 (א)(2) של חוק הבורסה לניירות ערך משנת 1934, 15","בהתאם לסעיף 23 (a)(2) של חוק הבורסה לניירות ערך משנת 1934, 15","לא בהתאם לסעיף 23 (a)(2) של חוק הבורסה לניירות ערך משנת 1934, 15",לא,strong,0.80,0.80,77293,government,,target truncated mid-citation
hn77948,n,"עם 80,000 דולר במענקים שהוא ניסה להשיג, סמית' חשב לשכור עורך דין ולשלם ל-","סמית' שקל לשכור עורך דין לאור 80,000 דולר של מענקים שהוא ניסה לרכוש.","למרות 80,000 דולר במענקים שהוא ניסה להשיג, סמית' מעולם לא חשב לשכור עורך דין.",מעולם לא,phrase,0.80,0.60,77948,government,,target truncated
hn80743,n,היה זה בוקר מאוחר מוקדם.,הבוקר היה מוקדם מאוחר.,לא היה מוקדם ולא מאוחר וגם לא בוקר.,לא | ולא | לא,strong,0.80,0.60,80743,fiction,,target garbled by MT
hn82159,n,"""אבל יש לך את המתנה.","""יש לך את המתנה, נכון?""","לך אין את המתנה, לי יש.",אין,strong,0.80,0.80,82159,fiction,,negation adds a contrasting clause (לי יש)
hn82409,y,לפחות זה נראה כמו סיגריה.,זה לפחות דומה לסיגריה.,זה לא נראה כמו סיגריה.,לא,strong,0.80,0.80,82409,fiction,,
hn83193,y,מי צריך לבצע התערבויות ב-ED?,מי צריך לבצע התערבויות של ED?,מי לא צריך לבצע התערבויות של ED,לא,strong,0.80,0.80,83193,government,question,question
hn83610,y,היא משקיעה רבות במחקר ופיתוח.,היא משקיעה סכום גדול במחקר ופיתוח.,היא לא משקיעה הרבה במחקר ופיתוח.,לא,strong,0.80,0.80,83610,slate,,
hn86055,n,פעולות בקרה ספציפיות למערכות מידע,פעילויות בקרה ספציפיות למערכות מידע,פעילויות בקרה כלליות שאינן ספציפיות למערכות מידע.,שאינן,strong,0.80,0.80,86055,government,,target is a heading
hn86113,n,"'איפה המנהיג שלך,' אמר ווייט.",וויט אמר שזה איפה שמנהיגכם נמצא.,"בלאק אמר, ""איפה שלא יהיה המנהיג שלך"".",שלא,strong,0.80,0.40,86113,fiction,,speaker changed: ווייט -> בלאק
hn89944,y,אני בנימין פרנקלין האמיתי והאחד.,אני בנימין פרנקלין.,אני לא בנימין פרנקלין האמיתי.,לא,strong,0.80,0.60,89944,fiction,,
hn92725,n,"כשהוא הסתובב, תורן היה שם.",ת'ורן היה שם כשהפך.,"כשהוא הסתובב, אף אחד לא היה שם.",אף אחד | לא,"phrase,strong",0.80,0.40,92725,fiction,,entity replaced: תורן -> אף אחד
hn96055,y,שמעתי את השם הזה בעבר.,השם הזה מוכר לי מן העבר.,מעולם לא שמעתי את השם הזה בחיי.,מעולם לא,phrase,0.80,0.00,96055,fiction,quantifier,quantifier
hn98601,y,אני הולך לעשות את מה שהיינו צריכים לעשות כבר לפני שבוע.,היינו צריכים לעשות את מה שאני עומד לעשות לפני 7 ימים.,אני לא הולך לעשות את מה שהיינו צריכים לעשות לפני 7 ימים.,לא,strong,0.80,0.50,98601,fiction,,
hn99264,n,אבל הוא ידע את התשובה.,התשובה הייתה ידועה לו.,"אף אחד לא ידע את התשובה, אפילו לא הוא.",אף אחד | לא | לא,"phrase,strong",0.80,0.20,99264,fiction,,subject broadened from הוא to אף אחד
hn108608,y,"אלה כוללים סדנאות, דלפקי עזרה בבתי המשפט, טפסים, כתבי טענות, חבילות עזרה עצמית ומשאבים אחרים לייצוג עצמי בעניינים משפטיים פשוטים.","סדנאות, דלפקי עזרה בבתי משפט, טפסים, תביעות, חבילות עזרה עצמית ומשאבים אחרים לייצוג עצמי נכללו כולם בעניינים משפטיים.","סדנאות, דלפקי עזרה בבתי המשפט, טפסים, כתבי טענות, חבילות סיוע עצמי ומשאבים אחרים לייצוג עצמי מעולם לא נכללו בעניינים משפטיים.",מעולם לא,phrase,0.79,0.68,108608,government,quantifier,quantifier
hn91198,y,גישה אחת לשימוש באב טיפוס כחלק מתהליך פיתוח המערכת תוארה כמודל ספירלי של פיתוח מערכת.,גישה אחת לשימוש באב טיפוס תוארה כמודל ספירלי של פיתוח מערכת.,גישה אחת לשימוש באב טיפוס בהחלט לא תוארה כמודל ספירלי של פיתוח מערכת.,לא,strong,0.79,0.79,91198,government,,paraphrase and negation drop the same clause
hn108864,y,בימים אלה הוא מציע מפלט לאנשי העסקים של מלזיה.,כיום הוא מציע מפלט לאנשי העסקים של מלזיה.,הוא לא מציע מפלט לאנשי העסקים של מלזיה.,לא,strong,0.78,0.78,108864,travel,,
hn23777,y,אתה יודע את כל המכתבים האלה שילדים כותבים לסנטה.,אתה יודע את המכתבים שהילדים כותבים לסנטה,אתה לא יודע את המכתבים שילדים כותבים לסנטה.,לא,strong,0.78,0.67,23777,government,,
hn23966,y,אנחנו מאוד אסירי תודה על כל מה שסיפרת לנו.,אנחנו באמת מעריכים את כל מה שסיפרת לנו.,אנחנו לא אסירי תודה על מה שסיפרת לנו.,לא,strong,0.78,0.56,23966,fiction,,
hn48818,y,אספתי את שטר ה-C שלי במסיבת יום ההולדת ה-21 שלי.,קיבלתי את השטר שלי במהלך מסיבת יום ההולדת ה-21 שלי.,מעולם לא קיבלתי את שטר ה-C שלי במסיבת יום ההולדת שלי.,מעולם לא,phrase,0.78,0.56,48818,slate,quantifier,quantifier
hn49653,n,"האם תיקחי לגברת אינגלת'ורפ את הקפה שלה, סינתיה?","סינתיה, תוכלי לקחת לגברת אינגלתורפ את הקפה שלה?",סינתיה מעולם לא התבקשה להביא לגברת אינגלת'ורפ את הקפה שלה.,מעולם לא,phrase,0.78,0.56,49653,fiction,,request turned into a claim about being asked
hn58304,n,"גלגלי מכונית על כביש חצץ, מאת לוסינדה וויליאמס (מרקורי).",ללסינדה ויליאמס יש שיר שנקרא גלגלי מכונית על דרך חצץ.,גלגלי מכונית על כביש חצץ לא היה של לוסינדה וויליאמס.,לא,strong,0.78,0.44,58304,slate,,target is a song citation
hn64460,n,זה מעלה את השאלה כיצד הממשלה הפדרלית יכולה לחסוך אם צמצום החוב הפדרלי המוחזק על ידי הציבור אינו אפשרות.,,"השאלה אינה ""כיצד הממשלה הפדרלית יכולה לחסוך אם הפחתת החוב הפדרלי המוחזק על ידי הציבור אינה אפשרות.""",אינה | אינה,strong,0.78,0.00,64460,government,WRITE PARAPHRASE,negation restructures into a metalinguistic claim
hn79735,n,"תזכור מה קונרד היקר והישן אמר עם הסיסמה שלך, לא?","מה אמר קונרד היקר שלנו עם הסיסמא שלך, זוכר?","לא כך, מה אמר קונרד היקר והישן בלי הסיסמה שלך?",בלי,strong,0.78,0.67,79735,fiction,,negation garbled by MT
hn86202,n,ביצועים משוערים ומשאבים הדרושים לשיפוצים בודדים וריבויים של ACI.,נדרשים ביצועים ומשאבים לשיפוצי ACI יחידים ו מרובים.,ביצועים ומשאבים אינם נדרשים לשיפוצים בודדים וריבויים של ACI.,אינם,strong,0.78,0.33,86202,government,,target is a noun phrase
hn8706,n,איך השקעות ממשלתיות משפיעות על החיסכון הלאומי והצמיחה הכלכלית?,באילו דרכים השקעות הממשלה משפיעות על החיסכון הלאומי ועל הצמיחה הכלכלית?,השקעות הממשלה אינן משפיעות כלל על החיסכון הלאומי והצמיחה הכלכלית.,אינן,strong,0.78,0.67,8706,government,,"target is a question, negation is a statement"
hn88850,y,דמי עיבוד הסחורה קשורים לעלות הפעילות של שירות המכס.,עמלת עיבוד הסחורה קשורה לעלות הפעילות של שירות המכס,דמי הטיפול בסחורות אינם קשורים לעלות הפעילות של שירות המכס.,אינם,strong,0.78,0.78,88850,government,,
hn97305,n,מחשבים לבישים (מעבדת המדיה של המכון הטכנולוגי של מסצ'וסטס).,יחידות מחשוב לבישות (מעבדת המדיה של MIT).,מחשבים שאינם לבישים (מעבדת המדיה של מכון הטכנולוגיה של מסצ'וסטס).,שאינם,strong,0.78,0.33,97305,slate,,target is a noun phrase
hn99294,n,הויקינגים גם הציגו מטבעות וטכניקות טובות יותר לבניית ספינות.,בניית ספינות הייתה אחד התחומים שבו הויקינגים הביאו שיפורים.,הויקינגים הציגו טכניקות טובות יותר לבניית ספינות אבל לא מטבעות.,לא,strong,0.78,0.22,99294,travel,,only one conjunct is negated
hn18713,n,שליטה אפקטיבית על תשלומים דורשת בדרך כלל בדיקה של חשבוניות לפני אישורן לתשלום.,בקרה אפקטיבית על תשלומים דורשת בדרך כלל בדיקה של חשבוניות לפני אישורן.,בקרה לא אפקטיבית של תשלומים בדרך כלל דורשת בדיקה של חשבוניות לפני אישורן.,לא,strong,0.77,0.85,18713,government,,"scope: לא attaches to בקרה, not to the proposition"
hn62847,y,אני מקבל תשלום כדי להפוך את הקהילה למקום טוב יותר עבור אנשים פגיעים -- ואני אוהב את זה.,אני אוהב לקבל תשלום כדי להפוך את הקהילה למקום טוב יותר עבור אנשים פגיעים.,אני לא אוהב לקבל תשלום כדי להפוך את הקהילה למקום טוב יותר עבור אנשים פגיעים.,לא,strong,0.76,0.76,62847,government,,
hn101538,y,ואז ראיתי את אנקה.,וזה הזמן שאנקה הופיעה.,לא ראיתי את אנקה.,לא,strong,0.75,0.00,101538,fiction,,
hn10198,n,מחקרי מקרה של ילדים.,ישנם מחקרי מקרה של ילדים.,אין מחקרי מקרה על ילדים.,אין,strong,0.75,1.00,10198,government,,target is a heading fragment
hn104390,n,הם מחכים לך שם.,,הם לא יחכו לך שם.,לא,strong,0.75,0.00,104390,fiction,WRITE PARAPHRASE,tense changed: present -> future
hn107433,y,זאת משבר אמצע החיים.,זו משבר של להיות בגיל העמידה.,זו לא משבר אמצע החיים.,לא,strong,0.75,0.25,107433,slate,,
hn10745,y,סיורי אוטובוסים מפריז זמינים.,יש סיורי אוטובוסים מפאריס.,אין סיורי אוטובוס זמינים מפריז.,אין,strong,0.75,0.50,10745,travel,existential,existential
hn107644,y,יש לי את זה!,זה נמצא ברשותי!,אין לי את זה.,אין,strong,0.75,0.00,107644,fiction,existential,existential
hn111900,n,היינו מעריכים את זה.,זה היה מוערך.,לא היינו אוהבים את זה מאוד.,לא,strong,0.75,0.25,111900,slate,,verb changed: מעריכים -> אוהבים
hn112530,n,למה הם שלחו אותו?,למה הוא היה כאן?,הם לא שלחו אותו.,לא,strong,0.75,0.25,112530,fiction,,"target is a question, negation is a statement"
hn113397,n,"לעומת זאת, רכישה של עיצוב ובנייה תשתמש ב-","לעומת זאת, רכישת עיצוב ובנייה תשתמש ב-","לעומת זאת, רכישת עיצוב ובנייה לא תשתמש ב-",לא,strong,0.75,0.75,113397,government,,target truncated
hn114928,n,למה זה לא עולה יותר?,יש שחושבים שזה צריך לעלות יותר.,אף אחד לא תוהה מדוע זה לא עולה יותר.,אף אחד,phrase,0.75,0.25,114928,slate,,"negates the act of wondering, not the content"
hn118563,n,"'ובכן, אני יכול לגרום לזה לעבוד כמו אדם.'",אני יודע שאני יכול לגרום לזה לעבוד כמו בן אדם.,אני לא מצליח לגרום לזה לעבוד כמו אדם.,לא,strong,0.75,0.88,118563,fiction,,verb changed: יכול -> מצליח
hn118918,y,היה לה הכי קל.,"עבורה, זה היה קל מאוד.",זה בכלל לא היה קל לה.,בכלל לא,phrase,0.75,0.50,118918,fiction,,
hn119184,n,"מה אתה רוצה לדעת?""",למה אתה רוצה לדעת?,למה אתה לא רוצה לדעת?,לא,strong,0.75,0.75,119184,fiction,,question word changed: מה -> למה
hn119256,n,"איך אתה מתכוון ""בזכותך?","מה אתה מתכוון ב""בזכותך""?","למה אתה מתכוון ב""לא בזכותך""?",לא,strong,0.75,0.75,119256,fiction,,garbled by MT
hn119350,n,הנערה הניעה ראשה בתמיהה.,היא תהתה כשניערה את ראשה.,הנערה לא הניעה את ראשה.,לא,strong,0.75,0.25,119350,fiction,,negation drops בתמיהה
hn120358,n,מחושב על ידי חיסור בתוך אותה מחלקת גודל.,בת זוגי סיפרה לכולם שהיא לסבית.,מחושב על ידי חיבור לא בתוך אותה קטגוריית גודל.,לא,strong,0.75,0.00,120358,slate,,target is a fragment; paraphrase is from an unrelated sentence
hn121598,n,"כמובן, אם ארה""ב",לדיוויד ביי יש צוות של שבעה עורכי דין שעבדו אצלו במשך שנים.,"לא אם ארה""ב.",לא,strong,0.75,0.00,121598,government,,target truncated; paraphrase is from an unrelated sentence
hn125278,y,בריכות עירוניות זמינות לשחייה.,אתה יכול לשחות בבריכות העירוניות.,אין בריכות עירוניות הזמינות לשחייה.,אין,strong,0.75,0.00,125278,travel,existential,existential
hn12541,n,חשבונות ממשלתיים בתקציב המאוחד.,החשבונות בתוך התקציב המאוחד היו שייכים לממשלה.,לתקציב המאוחד אין חשבונות ממשלתיים.,אין,strong,0.75,0.25,12541,government,,target is a noun phrase
hn127343,y,"פנינים לפני חזירים, אכן.","אכן, פנינים לפני חזירים.","בשום אופן, לא פנינים לפני חזירים.",בשום אופן | לא,"phrase,strong",0.75,1.00,127343,slate,quantifier,quantifier
hn129448,n,"טים, אני תומך בנשיא.","טים, אני מסכים עם הנשיא הנוכחי.","טים, אני לא תומך באף אחת מעמדות הנשיאים.",לא | באף אחת,"phrase,strong",0.75,0.50,129448,slate,,object changed: הנשיא -> עמדות הנשיאים
hn131343,y,נניח שמר בראון ג'וליוס היה שם ומחכה... .,בהנחה שמר בראון ג'וליוס כבר היה שם...,בהנחה שמר בראון ג'וליוס אפילו לא היה שם...,לא,strong,0.75,0.75,131343,fiction,,
hn133467,y,אתה חייב לי הכול!,אתה חב לי את הכול!,אתה לא חייב לי כלום.,לא,strong,0.75,0.25,133467,fiction,,
hn133705,n,היו גם שינויים אחרים.,"כמו כן, היו שינויים אחרים.","גם, לא היו שינויים.",לא,strong,0.75,0.75,133705,travel,,negation drops אחרים and is ungrammatical
hn135041,n,עמק קטמנדו עצמו הותקף בשנת 1336 על ידי הסולטן המוסלמי של בנגל.,הסולטן המוסלמי של בנגל פתח במתקפה על העמק ב-1336.,עמק קטמנדו עצמו מעולם לא נבזז בהצלחה על ידי הסולטן המוסלמי של בנגל.,מעולם לא,phrase,0.75,0.42,135041,travel,,verb changed: הותקף -> נבזז
hn137135,y,אבל מייס זיהה אותו!,"בכל אופן, מייס ידע מי הוא!",אפילו מייס לא זיהה אותו.,לא,strong,0.75,0.25,137135,fiction,,
hn137803,n,אני לא זוכר איך אומרים 'כבה את האור' ב-Przyrolarouish.,"אני לא זוכר איך אומרים "" לכבות את האור"" בשפת הפרירולארואיש.",אף פעם לא ידעתי איך אומרים 'כבה את האור' ב-Przyrolarouish.,אף פעם,phrase,0.75,0.75,137803,fiction,,direction inverted: the target is already negated
hn138259,y,אבל אשאל את בוריס.,אשאל את בוריס.,אני לא אשאל את בוריס בכלל.,לא,strong,0.75,0.75,138259,fiction,,
hn139243,n,שר הבריאות ושירותי האנוש,מזכיר הבריאות ושירותי האנוש,לא מזכיר הבריאות ושירותי האנוש,לא,strong,0.75,0.75,139243,government,,target is a job title
hn1416,y,נימוסים טובים אפשר לטפח.,ניתן לטפח נימוסים טובים.,בלתי אפשרי לחלוטין לטפח נימוסים טובים.,בלתי,strong,0.75,0.75,1416,slate,privative,privative
hn143032,n,אבחנות ומרשמים דומים מופיעים בטקסי השבעה מאוחרים יותר.,אבחונים ומרשמים אלה דומים לאלה שבחנוכות קודמות.,אבחנות ומרשמים לא מופיעים בנאומי השבעה מאוחרים יותר.,לא,strong,0.75,0.25,143032,slate,,noun changed: טקסי -> נאומי
hn143974,y,אני צריך את עזרתך.,אני צריך עזרה ממך.,אני לא צריך את העזרה שלך.,לא,strong,0.75,0.50,143974,fiction,,
hn144515,y,עשיתי את זה בעבר.,כבר עשיתי את זה בעבר.,מעולם לא עשיתי את זה קודם.,מעולם לא,phrase,0.75,0.00,144515,fiction,quantifier,quantifier
hn15139,n,"נקבל תנאים טובים מאוד; _מאוד_ טובים.""",התנאים שאנחנו נקבל יהיו טובים.,כנראה שלא נקבל תנאים טובים.,שלא,strong,0.75,0.50,15139,fiction,,negation adds the modal כנראה
hn15578,n,ראית את המכתב הזה?,,לא ראית את המכתב!,לא,strong,0.75,0.00,15578,fiction,WRITE PARAPHRASE,question becomes an exclamation and drops הזה
hn19502,n,אבל אתה יכול לגלות?,אתה יכול לגלות.,אתה בהחלט לא יכול לגלות.,לא,strong,0.75,0.75,19502,fiction,,"target is a question, negation is a statement"
hn20824,n,"במקרה זה, ביצוע מהיר יותר אפשרי מזה המוצג במוצג A-5 בנספח A.",,אין ביצוע מהיר יותר אפשרי מזה המוצג בנספח A-5 בנספח A.,אין,strong,0.75,0.00,20824,government,WRITE PARAPHRASE,garbled reference (מוצג A-5 / נספח A-5)
hn23704,y,"זה היה רק טבעי.""",זה היה טבעי.,זה לא היה טבעי.,לא,strong,0.75,0.75,23704,fiction,,
hn24303,n,הם כוללים שירות ישיר.,שירות ישיר הוא חלק מזה.,הם מעולם לא כללו שירות ישיר.,מעולם לא,phrase,0.75,0.50,24303,government,,tense changed: present -> past
hn25958,n,כולם אישרו את דעתי.,כולם אמרו דברים שהיו עקביים עם מה שכבר חשבתי.,חלקם לא אישרו את דעתי.,לא,strong,0.75,0.25,25958,fiction,,"quantifier weakened (כולם -> חלקם), not negated"
hn26245,n,אנחנו רוצים שזה יקרה.,אנו מקווים שזה יקרה.,אנחנו מתפללים שזה לא יקרה.,לא,strong,0.75,0.50,26245,fiction,,verb changed: רוצים -> מתפללים
hn2706,n,"בהחלט, אמר ד""ר","כן, אמר ד""ר.","לא, אמר ד""ר",לא,strong,0.75,0.75,2706,fiction,,target truncated
hn31498,n,הקאעה הובילה לחדרי המשפחה.,קאעה הראה את הדרך לחדרי המשפחה.,הקאעה לא התקרב לחדרי המשפחה.,לא,strong,0.75,0.50,31498,travel,,verb changed: הובילה -> התקרב
hn32369,n,"כמו הודו, הוסיף ביילי.",ביילי הוסיף כמו בהודו.,ביילי לא הוסיף כלום על הודו.,לא,strong,0.75,0.75,32369,slate,,elliptical
hn33166,y,הוא היה צריך ללכת.,היה הכרח שהגבר ילך.,הוא לא היה חייב ללכת.,לא,strong,0.75,0.25,33166,fiction,,
hn34271,y,אך כל מסורת היא מרכיב בגדולתה של ירושלים.,כל מסורת תורמת לגדולתה של ירושלים והיא חלק ממנה.,כל מסורת אינה מרכיב בגדולתה של ירושלים.,אינה,strong,0.75,0.50,34271,travel,,
hn35798,n,הבודק יכול לאחר מכן למדוד את התקדמות האבטיפוסים מול הקריטריונים של הסוכנות.,לאחר מכן יכול המבקר למדוד את התקדמות הפרוטוטיפים של הפרוטוטיפים מול הקריטריונים של הסוכנות,הבודק לא יכול למדוד את התקדמות האבות טיפוס של האבות טיפוס מול הקריטריונים של הסוכנות,לא,strong,0.75,0.83,35798,government,,both paraphrase and negation garbled by MT
hn36782,n,הבנתי את המטרה שלו.,הבנתי.,לא הבנתי את הנקודה שלו.,לא,strong,0.75,0.25,36782,fiction,,noun changed: המטרה -> הנקודה
hn37858,y,בירת האי היא מירנה.,מירנה היא בירת האי.,מירנה כבר לא בירת האי.,לא,strong,0.75,1.00,37858,travel,,
hn38506,n,"פיקדילי 44 סירקוס, למשל.","לדוגמה, פיקדילי 44 סירקוס.","לא פיקדילי 44 סירקוס, בוודאי.",לא,strong,0.75,0.75,38506,fiction,,target is a fragment
hn39021,y,"ובכן, אתה יודע לבשל.","ובכן, יש לך ידע בבישול.",אתה לא יודע לבשל.,לא,strong,0.75,0.75,39021,fiction,,
hn43556,y,"""זה הגיוני,"" העיר אנס.","""זה הגיוני,"" אמר אנס.","""זה לא הגיוני"", אמר אנס.",לא,strong,0.75,0.75,43556,fiction,,
hn44279,y,האם אתה מעליב אותי?,אתה מעליב אותי?,אתה לא מעליב אותי?,לא,strong,0.75,0.75,44279,slate,question,question
hn44336,n,כולם הבינו שהמטוס נחטף.,כולם ידעו על החטיפה.,רוב האנשים לא הבינו שהמטוס נחטף.,לא,strong,0.75,0.25,44336,nineeleven,,quantifier changed: כולם -> רוב האנשים
hn44538,y,אני חייב לומר משהו.,עלי לומר משהו.,אני לא חייב לומר כלום.,לא,strong,0.75,0.00,44538,fiction,,
hn47301,y,וסנטאיאנה ביקש ממני להוסיף שאלו שאינם יכולים לזכור את העבר נידונים לחזור עליו.,סנטיאנה ביקש שאוסיף שאלו ששוכחים את העבר נידונים לחזור עליו.,סנטיאנה לא ביקש ממני להוסיף שאלו ששוכחים את העבר נידונים לחזור עליו.,לא,strong,0.75,0.58,47301,government,,paraphrase and negation share the embedded rewording
hn47615,n,"עד שאמצא את החוליה האחרונה בשרשרת שלי, אני חייב להישאר מאחורי הקלעים.",אני חייב להישאר מאחורי הקלעים עד שיהיה לי החוליה האחרונה בשרשרת שלי.,אני לא חייב להישאר מאחורי הקלעים בלי החוליה האחרונה בשרשרת שלי.,לא | בלי,strong,0.75,0.83,47615,fiction,,restructured: עד שאמצא -> בלי
hn48065,y,"בהחלט בטוח, מר הרשיימר.","כן, אני בטוח, מר הרשיימר.","לא, אני לא בטוח, מר הרשיימר.",לא | לא,strong,0.75,0.75,48065,fiction,,
hn48561,y,היא רצתה אותי בחזרה.,היא רצתה שאחזור.,היא לא רצתה בי בחזרה בכלל.,לא,strong,0.75,0.50,48561,fiction,,
hn51257,y,כי היא אמרה כך.,כי היא אמרה זאת.,היא לא אמרה כך.,לא,strong,0.75,0.75,51257,slate,,
hn53748,y,זה כמו להכות במים.,זה דומה להכאת מים.,זה בשום אופן לא כמו לחבוט במים.,בשום אופן | לא,"phrase,strong",0.75,0.25,53748,slate,quantifier,quantifier
hn53991,y,ויש לנו את המיליציה.,המיליציה היא שלנו.,אין לנו את המיליציה.,אין,strong,0.75,0.25,53991,fiction,existential,existential
hn55530,n,זו עמדה פסיבית מדי.,עמדה זו פאסיבית מדי.,עמדה זו לא מספיק פסיבית.,לא,strong,0.75,0.75,55530,slate,,'not passive enough' is not the negation of 'too passive'
hn56118,n,עשיתי את הפעלול הרגיל.,,לא עשיתי את הרגיל.,לא,strong,0.75,0.00,56118,fiction,WRITE PARAPHRASE,negation drops הפעלול
hn58493,y,קאדן אומר שזה בטוח.,קא'דאן נראה חושב שזה בטוח.,קאדאן אומר שזה לא בטוח.,לא,strong,0.75,0.50,58493,fiction,,
hn59862,y,עבודת ההשפעה חשובה מאוד...,הכותב מחשיב עבודת השפעה כחשובה מאוד.,עבודת ההשפעה אינה חשובה כלל.,אינה,strong,0.75,0.50,59862,government,,
hn61554,n,תוכנית האנרגיה של הנשיא הולכת אפילו רחוק יותר.,,תוכנית האנרגיה של הנשיא לא הולכת רחוק מאוד.,לא,strong,0.75,0.00,61554,government,WRITE PARAPHRASE,comparative changed: אפילו רחוק יותר -> רחוק מאוד
hn62572,n,קסוויק מהווה בסיס טוב לסיור בפארק הלאומי ובצפון-מערב.,"אם אתה רוצה לסייר בפארק הלאומי ובצפון-מערב, קסוויק היא בסיס טוב.",קסוויק אינו בסיס טוב לסיור בפארק הלאומי.,אינו,strong,0.75,0.75,62572,travel,,negation drops ובצפון-מערב
hn63818,n,האם חשבתי שהיא בחיים?,הייתי צריך לשאול אם היא בחיים.,לא חשבתי שהיא עדיין בחיים בכלל.,לא,strong,0.75,0.25,63818,fiction,,"target is a question, negation is a statement"
hn63906,y,לפחות זו הייתה התיאוריה.,"לכל הפחות, זו הייתה התאוריה.",זו בהחלט לא הייתה התיאוריה.,לא,strong,0.75,0.50,63906,slate,,
hn64062,n,הנחיות לאימון אבטחת מחשבים.,זו רשימת הנחיות להכשרה באבטחת מחשבים.,אין הנחיות להכשרת אבטחת מחשבים.,אין,strong,0.75,0.50,64062,government,,target is a heading fragment
hn64157,n,איפה סוזן? אמר גבריאל.,גבריאל רצה לדעת היכן סוזן נמצאת.,גבריאל לא טרח לשאול איפה סוזן.,לא,strong,0.75,0.50,64157,fiction,,"negates the act of asking, not the content"
hn6450,n,(הניו יורקר כתב על הנושא הזה לפני חודש.),לפני כחודש הניו יורקר כתב על זה.,הניו יורקר אף פעם לא כתב על הנושא הזה.,אף פעם | לא,"phrase,strong",0.75,0.62,6450,slate,,negation drops לפני חודש
hn6478,n,"ובכן, הוא כן, אדוני.","אדוני, ובכן, הוא עשה.","אדוני, ובכן, הוא לא.",לא,strong,0.75,0.75,6478,fiction,,"elliptical, not a proposition"
hn6836,n,זה היה אחד מהם.,זה אחד מהם.,"זה לא אחד מהם; כשיבואו, תדע.",לא,strong,0.75,0.75,6836,fiction,,negation adds a clause
hn76786,n,תקציב של 8 מיליון דולר נגזר כמעט לחלוטין ממענקים של תאגיד השירותים המשפטיים.,מענקי התאגיד לשירותים משפטיים הניבו 8 מיליון.,תקציב של 8 מיליון לא נגזר ממענקים של תאגיד השירותים המשפטיים.,לא,strong,0.75,0.17,76786,government,,negation drops כמעט לחלוטין
hn76858,n,החלטתי לנסות את זה.,ניסיתי את זה.,לא העזתי לנסות את זה.,לא,strong,0.75,0.50,76858,government,,verb changed: החלטתי -> העזתי
hn78050,y,גם הם תמכו במכרות.,גם הם נתנו תמיכה למכרות.,הם לא תמכו במכרות.,לא,strong,0.75,0.00,78050,fiction,,
hn78869,n,אבל הוא צריך עזרה.,אבל הוא זקוק לעזרה.,"הוא לא צריך עזרה, הוא בסדר לבד.",לא,strong,0.75,0.50,78869,slate,,negation adds a clause
hn80062,n,", סוגי ספקים או טכנולוגיות).",סוגי ספקים או טכנולוגיות זמינים.,אין סוגי ספקים של טכנולוגיות המוצעות.,אין,strong,0.75,1.00,80062,government,,target is a fragment
hn81382,y,זאת תהיה עבודה קשה.,המשימה הזו תהיה תובענית.,זו לא תהיה עבודה קשה.,לא,strong,0.75,0.00,81382,fiction,,
hn83216,n,יתרונות סביבתיים ובריאותיים של רכבים ודלקים נקיים יותר.,ישנם יתרונות סביבתיים ובריאותיים למכוניות ודלקים נקיים יותר.,אין יתרונות סביבתיים ובריאותיים למכוניות ודלקים נקיים יותר.,אין,strong,0.75,0.75,83216,government,,target is a heading fragment
hn8404,n,השתנה הרבה במהלך השנים.,,לא השתנה בכלל במהלך השנים.,לא,strong,0.75,0.00,8404,government,WRITE PARAPHRASE,target has no subject
hn8616,n,הוא חייב לנסות שוב.,הוא יצטרך לנסות שוב.,הוא לא צריך לטרוח לנסות שוב.,לא,strong,0.75,0.75,8616,fiction,,negation adds לטרוח
hn87381,n,אה! למה הוא התכוון?,אני מבין. מה הוא התכוון בזה?,אה. למה הוא לא אמר כלום?,לא,strong,0.75,0.50,87381,fiction,,negation garbled by MT
hn88371,n,"אני רוצה לדבר איתו.""",מישהו רוצה לדבר איתו.,אף אחד לא רוצה לדבר איתו.,אף אחד | לא,"phrase,strong",0.75,0.75,88371,fiction,,subject changed: אני -> אף אחד
hn91390,y,"בזמן הביקורת שלנו, מרכז הלוגיסטיקה היה בדרך לעמוד ביעדיו או לעלות עליהם.",מרכז הלוגיסטיקה היה בדרך הנכונה לעמוד ביעדיו או לעלות עליהם.,מרכז הלוגיסטיקה לא היה בדרך הנכונה לעמוד ביעדיו או לעלות עליהם.,לא,strong,0.75,0.75,91390,government,,
hn91774,y,התקנת מערכת FGD דורשת כמות משמעותית של עבודה.,נדרשת עבודה רבה כדי להתקין את מערכת FGD.,לא יידרש כמות משמעותית של עבודה להתקנת מערכת FGD.,לא,strong,0.75,0.38,91774,government,,
hn92188,y,זה השם שלך עכשיו.,ועכשיו יש לך את השם הזה.,זה כבר לא השם שלך.,לא,strong,0.75,0.25,92188,fiction,,
hn93273,n,גישה זו מבטיחה דרכים מעשיות להשגת מידע נוסף.,גישה זו מבטיחה דרכים ללכידת מידע.,גישה זו מבטיחה דרכים לא יעילות להשגת מידע.,לא,strong,0.75,0.62,93273,government,,"scope: לא attaches to דרכים, and מעשיות -> יעילות"
hn93900,y,"אני מנסה להתרחק מתעשיית המשכנתאות בקולורדו, הוא אמר.",הוא הצהיר שהוא מנסה להתרחק מתעשיית המשכנתאות בקולורדו.,הוא לא מנסה להתרחק מתעשיית המשכנתאות בקולורדו,לא,strong,0.75,0.75,93900,government,,
hn94120,y,הנתונים מאורגנים על ידי 26 תקופות השכר בשנה.,26 תקופות השכר בשנה הן שמארגנות את הנתונים.,הנתונים אינם מאורגנים לפי 26 תקופות השכר בשנה.,אינם,strong,0.75,0.25,94120,government,,
hn95462,n,שבעת החרבות ידעו זאת.,שבעת החרבות היו מודעים.,שבעת החרבות לא ידעו את-,לא,strong,0.75,0.50,95462,fiction,,negation truncated mid-word
hn9635,y,הרופא תפר את רגלה.,הרופא חבש בתפרים את רגלה.,הרופא לא תפר לה את הרגל.,לא,strong,0.75,0.00,9635,oup,,
hn105595,y,רוב אנשי הצבא בשירות פעיל פועלים על פי מערכות מבוססות חריגים.,מערכות מבוססות חריגים הן מה שמצופה מרוב אנשי הצבא הפעילים לעקוב אחריהם.,רוב אנשי הצבא בשירות פעיל לא פועלים לפי מערכות מבוססות חריגות.,לא,strong,0.73,0.45,105595,government,,
hn108760,n,"ליד מוזיאון הסופרים נמצא בית המשפט ג'יימס, שנבנה בשנות ה-1720.",בית המשפט ג'יימס נבנה בשלב כלשהו בשנות ה-1720.,מוזיאון הסופרים אינו נמצא ליד בית המשפט ג'יימס.,אינו,strong,0.73,0.55,108760,travel,,negation drops the relative clause שנבנה בשנות ה-1720
hn136934,y,המושג של אחריות למשאבים ציבוריים הוא מובנה בתהליכי הממשל של האומה שלנו.,המושג של אחריות על משאבים ציבוריים טבוע בתהליכי השלטון של האומה,המושג של אחריות למשאבים ציבוריים אינו טבוע בתהליכי הממשל של האומה.,אינו,strong,0.73,0.55,136934,government,,
hn144899,y,הניתוח גם דן באלטרנטיבות הרגולטוריות ש-FDA שקלה בעת ניסוח הצעת החוק.,האלטרנטיבות הרגולטוריות ש-FDA שקלה בעת ניסוח ההצעה נדונות גם בניתוח.,הניתוח אינו דן באלטרנטיבות הרגולטוריות שה-FDA שקלה בעת ניסוח הצעת הכלל.,אינו,strong,0.73,0.55,144899,government,,
hn29948,y,המשתתפים מקבלים ייעוץ אינטנסיבי כדי לעזור להם לפתח תוכניות מעבר אישיות.,משתתפים מקבלים ייעוץ אינטנסיבי כדי לעזור להם לפתח תוכניות מעבר אישיות.,משתתפים לא מקבלים ייעוץ אינטנסיבי שיעזור להם לפתח תוכניות מעבר אישיות.,לא,strong,0.73,0.91,29948,government,,
hn53046,n,"זה לכאן, הוא אמר, ""עד כה, ראינו את המקרה רק מבחוץ.","""עד כה, ראינו רק את המקרה מבחוץ,"" הוא אמר.","הוא אמר, ""עד כה לא ראינו את המקרה מבחוץ.""",לא,strong,0.73,0.82,53046,fiction,,garbled nested quotation
hn100910,n,כיצד רפורמת מדיקר תשפיע על החיסכון הלאומי?,רפורמת מדיקר עשויה להשפיע על החיסכון הלאומי בדרך כלשהי.,אין ספק שרפורמת מדיקר לא תשפיע על החיסכון הלאומי.,אין | לא,strong,0.71,0.71,100910,government,,"target is a question, negation is a statement"
hn107610,y,שוחזר בצורה יפהפייה לאחר שריפה הרסנית ב-1984.,לאחר שריפה הרסנית בשנת 1984 הוא שוחזר מאז.,"לאחר שריפה הרסנית ב-1984, הוא לא שוחזר.",לא,strong,0.71,0.57,107610,travel,,
hn113693,n,"למרות שחלה התקדמות כלשהי, הבעיות נמשכות וממשיכות לתרום לעלויות עיבוד ומשלוח דואר גבוהות יותר.",בעיות נמשכות וממשיכות לתרום לעלויות גבוהות יותר של עיבוד ודואר ומשלוח.,הבעיות נמשכות וממשיכות לא לתרום לעלויות עיבוד ומשלוח דואר גבוהות יותר.,לא,strong,0.71,0.57,113693,government,,ungrammatical negation placement (ממשיכות לא לתרום)
hn115758,n,יצירת סיווגי נתונים סטנדרטיים והגדרות קשורות כדי להקל על הגנה על נתונים המשותפים בין שתי יחידות עסקיות או יותר.,יצירת הגדרות קשורות יכולה להקל על הגנה על הנתונים המשותפים בין יחידות עסקיות.,יצירת סיווגי נתונים סטנדרטיים לא מקלה על הגנה על נתונים משותפים בין שתי יחידות עסקיות או יותר.,לא,strong,0.71,0.53,115758,government,,paraphrase and negation drop different halves of the subject
hn125425,y,"אני מניח שאנחנו יכולים לקרוא לה כך?""",אני מניח שזה משהו שאנחנו יכולים לקרוא לה?,אני לא חושב שאנחנו יכולים לקרוא לה ככה.,לא,strong,0.71,0.86,125425,fiction,neg-raising,neg-raising
hn129423,n,יש לנקוט בזהירות לפני שמבצעים את העודפים הצפויים לשינויים קבועים בצד ההכנסות או ההוצאות.,מומלץ לנקוט משנה זהירות לפני שמחויבים העודפים הצפויים לשינויים קבועים בצד ההכנסות או ההוצאות.,אין צורך בזהירות לפני הקצאת העודפים הצפויים לשינויים קבועים בצד ההכנסות או ההוצאות.,אין,strong,0.71,0.71,129423,government,,verb changed: מבצעים -> הקצאת
hn131638,n,מידע על משמורת שנתית של הון אנושי,מידע שנתי על משמורת הון אנושי.,לא מידע שנתי על משמורת הון אנושי.,לא,strong,0.71,0.71,131638,government,,target is a noun phrase
hn136734,n,אתה רוצה להאמין שהוא ביצע את הפשע.,אתה רק מאחל שהוא ביצע את הפשע הזה?,אתה לא מאמין שהוא ביצע את הפשע.,לא,strong,0.71,0.71,136734,fiction,,רוצה להאמין -> מאמין changes the claim
hn138669,n,איך אפשר להבחין בין ראיית הנולד לפחד?,איך אתה יכול לקבוע מה זה פחד ומה זה משהו אחר?,לעולם אי אפשר להבחין בין ראיית הנולד לפחד.,אי אפשר,phrase,0.71,0.14,138669,slate,,"target is a question, negation is a statement"
hn140609,n,האוכל היה שווה את זה בדרך כלל.,האוכל היה בדרך כלל די סביר.,האוכל היה נורא ולא שווה את זה לעולם.,ולא,strong,0.71,0.57,140609,fiction,,negation adds היה נורא
hn143946,y,קודם לכן הוא העדיף בתי ספר מקיפים.,הוא העדיף בתי ספר מקיפים בעבר.,הוא מעולם לא העדיף בתי ספר מקיפים בשום שלב.,מעולם לא,phrase,0.71,0.71,143946,slate,quantifier,quantifier
hn144399,y,הוא מטפל בבעיות לאורך חייו של המטופל.,"במהלך חייו של המטופל, הוא מטפל בבעיות.",הוא אינו מטפל בבעיות לאורך חיי המטופל.,אינו,strong,0.71,0.86,144399,government,,
hn144568,y,"בעשותו זאת, הקונגרס עדיין יצטרך להחזיק סוכנויות אחראיות למשימות ביטחון המולדת שאינן משולבות במחלקה החדשה.","בביצוע פעולה זו, הקונגרס יידרש להטיל אחריות על סוכנויות לביצוע משימות של ביטחון המולדת.","בעשותו זאת, הקונגרס לא יצטרך להחזיק סוכנויות אחראיות למשימות של ביטחון המולדת.",לא,strong,0.71,0.29,144568,government,,paraphrase and negation drop the same clause
hn17601,n,"נעבור על זה שוב מחר, אמר טומי.",טומי אמר שנעבור על זה מחר.,"לעולם לא נדבר על זה שוב, אמר טומי.",לא,strong,0.71,0.71,17601,fiction,,"verb changed: נעבור -> נדבר, and מחר dropped"
hn22684,y,מחקר זה ימומן על ידי מענק סיוע טכני של LSC ויתואם עם מחקר עמיתים של ABA.,מחקר זה ימומן על ידי מענק סיוע טכני של LSC,מחקר זה לא ימומן על ידי מענק סיוע טכני של LSC,לא,strong,0.71,0.71,22684,government,,"paraphrase and negation drop the same clause, so the pair stays parallel"
hn25235,n,"יש כאן לקח חשוב, אמר ג'ון.",ג'ון אמר שיש כאן שיעור חשוב.,ג'ון אמר שיש פה לקח לא חשוב.,לא,strong,0.71,0.71,25235,fiction,,scope: לא attaches to חשוב inside the NP
hn31351,y,"אתה תיתן לו את כל השאר, נכון?""",האם תתן לו את כל השאר?,"אתה לא הולך לתת לו את השאר, נכון?",לא,strong,0.71,0.57,31351,fiction,,
hn32511,y,אחד מנציגי הסוכנות ציין שניתן לפתור את בעיית העומס במערכת על ידי פיתוח מערכות לאחזור מידע מראש שיתאימו לנפחי תעבורה גדולים.,אחד מנציגי הסוכנות ציין שניתן לפתור את בעיית העומס במערכת על ידי פיתוח מערכות לאחזור מידע,אף אחד מנציגי הסוכנות לא ציין שניתן לפתור את בעיית העומס במערכת על ידי פיתוח מערכות לאחזור מידע,אף אחד | לא,"phrase,strong",0.71,0.76,32511,government,quantifier,quantifier
hn32813,y,אני מקווה שפרד גולדמן ימצא את זה.,אני מקווה שגולדמן מוצא את זה.,אני מקווה שגולדמן לעולם לא ימצא את זה.,לא,strong,0.71,0.57,32813,slate,quantifier,quantifier
hn35645,n,"ובפעם המאה, אני אגיד לך שאתה כאן.",,אני לא אגיד לך שאתה כאן.,לא,strong,0.71,0.00,35645,fiction,WRITE PARAPHRASE,negation drops ובפעם המאה
hn36240,n,הוועדה יכולה וצריכה לעשות יותר בתחום זה.,"זהו תחום שבו הוועדה יכולה לעשות יותר, ועליה לעשות זאת.",הוועדה אינה יכולה לעשות דבר נוסף בתחום זה.,אינה,strong,0.71,0.57,36240,government,,negation drops וצריכה
hn43513,n,"אני בטוח בזה כאילו ראיתי אותו בפעולה.""",אני בטוח בכך כמו שהייתי רואה אותו בפעולה.,אני לא בטוח כי מעולם לא ראיתי אותו בפעולה.,לא | מעולם לא,"phrase,strong",0.71,0.57,43513,fiction,,negation adds a causal clause
hn44328,n,"בשנת 1999, נוספו 100 ציורים נוספים לאוסף.",בשנת 1999 נוספו לאוסף 100 ציורים.,לא נוספו ציורים נוספים בשנת 1999.,לא,strong,0.71,0.86,44328,travel,,negation drops the number 100
hn52013,y,טיים מזהה חינוך דו לשוני גזעי חדש.,הזמן רואה חינוך דו-לשוני גזעי חדש.,הזמן לא רואה חינוך דו לשוני גזעי חדש.,לא,strong,0.71,0.43,52013,slate,,
hn61663,n,מידע המהווה את הבסיס להזנת נתונים למחשב.,מידע שהוא הבסיס להזנת נתונים למחשב.,מידע שאינו הבסיס להזנת נתונים למחשב.,שאינו,strong,0.71,0.71,61663,government,,"target is a noun phrase, not a proposition"
hn65023,y,לדייב דאפילד יש כמה ילדים מאומצים במשפחתו.,במשפחתו של דייב דאפילד יש ילדים מאומצים אחדים.,לדייב דאפילד אין ילדים מאומצים במשפחתו.,אין,strong,0.71,0.00,65023,slate,existential,existential
hn66246,n,וודוורד יוכל בקרוב לעזוב את ארצות הברית.,"וודוורד יכול לעזוב את ארה""ב.",וודוורד לא יעזוב את ארצות הברית בקרוב.,לא,strong,0.71,0.43,66246,slate,,modal יוכל dropped in the negation
hn68196,y,"שנית, מספר הסדרים מיוחדים של תעריפים יופסקו.",הסדרים רבים של תעריפים מיוחדים יופסקו.,לא יופסקו הסדרים מיוחדים של תעריפים.,לא,strong,0.71,0.71,68196,government,,
hn72134,y,אבל אני מניח שהדור החדש קצת שונה.,יש הבדלים בדור החדש הזה.,אני מניח שהדור החדש הזה לא שונה בשום דבר.,לא | בשום דבר,"phrase,strong",0.71,0.14,72134,fiction,quantifier,quantifier
hn72750,y,הם יותר מעוניינים בהתייסרות עצמית רוחנית ובהתחדשות.,הם מתעניינים במידה מסוימת בהלקאה עצמית רוחנית ובחידוש.,הם לא מתעניינים כלל בהתייסרות עצמית רוחנית ובהתחדשות.,לא,strong,0.71,0.43,72750,slate,,
hn7733,n,"אתה מבין את זה, אמר ג'ון.",ג'ון אמר שהאדם יקבל את זה.,ג'ון אמר שאף אחד לא יבין את זה.,שאף אחד | לא,"phrase,strong",0.71,0.71,7733,fiction,,subject changed: אתה -> אף אחד
hn81982,n,"הייתה לו עבודה לעשות, וכך גם לי.",לו ולי היו עבודות לעשות.,"הייתה לו עבודה לעשות, אבל לי לא.",לא,strong,0.71,0.29,81982,slate,,only the second conjunct is negated
hn83690,n,הדגמת אמינות המוצר מציינת שהמוצר מוכן לייצור,אמינות המוצר שווה למוצר מוכן לייצור.,הדגמת אמינות המוצר אינה מרמזת שהמוצר טוב לייצור.,אינה,strong,0.71,0.57,83690,government,,verb and adjective both changed
hn91110,n,"במערכת זו, משתמשים יכולים להגיש תגובות אלקטרוניות.",משתמשים יכולים להגיש הערות אלקטרוניות במערכת זו.,"במערכת זו, משתמשים לא יכלו להגיש הערות אלקטרוניות.",לא,strong,0.71,0.86,91110,government,,tense changed: יכולים -> יכלו
hn94179,y,"בסביבה של ימינו, ארגונים חייבים להיות יצירתיים.",לארגונים חייבת להיות יצירתיות בסביבה הנוכחית.,ארגונים לא חייבים להיות יצירתיים בסביבה זו.,לא,strong,0.71,0.29,94179,government,,
hn101116,y,"סיוע משפטי מבוקש גם לפציעות בעבודה, ובעיות בריאות ובטיחות אחרות.","סיוע משפטי מבוקש לפציעות בעבודה, ובעיות בריאות ובטיחות אחרות.",לא מבקשים סיוע משפטי לפציעות בעבודה ולבעיות בריאות ובטיחות אחרות.,לא,strong,0.70,0.90,101116,government,,
hn102097,n,החקיקה חייבת לעבור את שלב השימוע עד יום חמישי הבא.,,החקיקה לא חייבת לעבור עד יום חמישי הבא.,לא,strong,0.70,0.00,102097,government,WRITE PARAPHRASE,negation drops את שלב השימוע
hn113042,n,ג'ורג' מקללן יוצא לגמלאות כדי להציל את צבא האיחוד.,הוא יצא מהפרישה להציל את הצבא.,אפילו ג'ורג' מקללן לא הצליח להציל את צבא האיחוד.,לא,strong,0.70,0.20,113042,slate,,restructured
hn115650,n,בינתיים הוא היה מודע לבחינה הקפדנית של סר ג'יימס.,סר ג'יימס עקב אחריו מקרוב.,הוא לא היה מודע לתשומת הלב של סר ג'יימס.,לא,strong,0.70,0.30,115650,fiction,,noun changed: בחינה קפדנית -> תשומת לב
hn117193,n,ניתן להעריך את האדריכלות הסיקית גם במקדש דורג'יאנה הסמוך.,מישהו מעריך את הארכיטקטורה הסיקית במקדש דורג'יאנה הסמוך.,אף אחד לא מעריך את האדריכלות הסיקית במקדש דורג'יאנה הסמוך.,אף אחד | לא,"phrase,strong",0.70,0.60,117193,travel,,modal ניתן -> factual אף אחד לא מעריך
hn121092,n,היא שמעה שאומרים שהוא עשוי יום אחד להיות ראש ממשלה.,מישהו אמר שהוא עוד עלול להיות ראש ממשלה יום אחד.,אף אחד לא רמז שהוא עשוי להיות ראש ממשלה יום אחד.,אף אחד | לא,"phrase,strong",0.70,0.60,121092,fiction,,verb and subject both changed
hn20359,n,"וושינגטון די.סי.: מועצת המושלים של הבנק הפדרלי, דצמבר 2000.",מועצת המושלים היא חלק מהפדרל ריזרב.,מועצת המושלים של הבנק הפדרלי אינה נמצאת בוושינגטון די.סי.,אינה,strong,0.70,0.20,20359,government,,target is a citation
hn22365,n,המסורת המודרנית דורשת שתטפסו דרך המפלים המבעבעים כחלק משרשרת אנושית.,המסורת המודרנית דורשת שתטפס דרך המפלים כחלק משרשרת אנושית.,המסורת המודרנית דורשת שתטפסו דרך המפלים המבעבעים מבלי לגעת באף אחד לידכם.,מבלי | באף אחד,"phrase,strong",0.70,0.80,22365,travel,,negation replaces the ending with a different claim
hn42892,y,הוא יכול גם לספק ארוחת צהריים במסעדה אם תתקשרו מראש.,"אם תתקשרו מראש, ניתן לספק ארוחת צהריים במסעדה.","לא ניתן לספק ארוחת צהריים במסעדה, אפילו אם תתקשרו מראש.",לא,strong,0.70,0.70,42892,travel,,
hn49436,n,כלים שפותחו על ידי הממשלה או ששונו על ידי הממשלה זמינים ללא תשלום ב-,קיימים כלים שפותחו על ידי הממשלה.,כלים ששונו על ידי הממשלה וכאלה שפותחו על ידי הממשלה אינם זמינים.,אינם,strong,0.70,0.50,49436,government,,target truncated
hn50947,n,"ישנם שלושה איומים עיקריים על סובייקטיביות, אי דיוק ומשוא פנים.",,"אין איומים על סובייקטיביות, אי דיוק ומשוא פנים.",אין,strong,0.70,0.00,50947,government,WRITE PARAPHRASE,target semantics garbled by MT
hn54206,n,הטיימס לא יכול לשלוח כתבים לחטט סביב עמיתים באותו חדר חדשות.,זה לא מעשי עבור הטיימס לשלוח כתבים לנהל מעקב אחר עמיתים באותו חדר חדשות.,הטיימס יכול לשלוח כתבים לחטט סביב עמיתים ללא סיכון.,ללא,strong,0.70,0.70,54206,slate,,direction inverted: the target is already negated
hn81999,y,"במובן מסוים, אני חושב שזה כבר עזר לתדמית של מיקרוסופט.",אני די בטוח שזה עזר לתדמית של מיקרוסופט.,אני לא חושב שזה עזר לתדמית של מיקרוסופט בכלל.,לא,strong,0.70,0.60,81999,slate,neg-raising,neg-raising
hn85370,n,"האם תאמין, מר קירבי, שאמוס לוטרפילד הביא לי את אלה?","עמוס לוטרפילד הביא לי את אלה, אתה יכול להאמין לזה, מר קירבי?","מר קירבי, האם ידעת שאמוס לוטרפילד מעולם לא הביא לי שום דבר?",מעולם לא | שום דבר,phrase,0.70,0.70,85370,fiction,,negation restructured beyond a polarity flip
hn89420,n,היא עומדת לחזור לבית המשפט לדיון כדי לנקות את שמה.,היא תנקה את הרישום שלה בשימוע.,היא לא הולכת לבית המשפט כדי לנקות את שמה.,לא,strong,0.70,0.20,89420,government,,negation drops לדיון and changes the verb
hn98326,n,"בנוסף, התרחיש המתקדם צופה עלייה בהוצאות התוכנית בסך 9 דולר.",עלייה בהוצאות התוכנית בסך 9 דולר צפויה על ידי התרחיש המתקדם.,עלייה בהוצאות התוכנית בסך 9$ לא צופה בתסריט המתקדם.,לא,strong,0.70,0.80,98326,government,,negation garbled by MT
hn130060,y,"בטווח הארוך, מלאי הון גדול יותר דורש גם יותר חסכון רק כדי להחליף הון שנשחק.","בטווח הארוך, מלאי הון גדול יותר מחייב חיסכון רב יותר רק כדי להחליף הון שנשחק.",בטווח הארוך מלאי הון גדול יותר אינו דורש יותר חסכונות כדי להחליף הון מופחת.,אינו,strong,0.69,0.62,130060,government,,
hn79797,n,"כשאתם יוצאים מפונשל, ניתן להגיע לכפר סנטו דה סרה גם דרך קמאצ'ה או מצומת פויסו.",ניתן להגיע לסנטה דה סרה דרך קמאצ'ה.,לא ניתן להגיע לכפר סנטו דה סרה דרך קמאצ'ה או צומת פויסו.,לא,strong,0.69,0.44,79797,travel,,negation drops the framing clause and גם
hn94237,n,"הילקר, חבר ותיק במועצת קרן הסיוע המשפטי של מטרופולין שיקגו, התמנה לנשיא הארגון.",הילקר מונה לנשיא הארגון.,הילקר לא היה מעולם חבר במועצת קרן הסיוע המשפטי של מטרופולין שיקגו.,לא | מעולם,strong,0.69,0.23,94237,government,,"the appositive is negated, not the main claim"
hn94347,y,שלוש מהטיסות המריאו בפועל בתוך 10 עד 15 דקות מזמני ההמראה המתוכננים שלהן.,"בתוך 10 עד 15 דקות מזמני ההמראה המתוכננים שלהם, שלוש מהטיסות המריאו.",אף אחת מהטיסות לא המריאה תוך 10 עד 15 דקות מזמני ההמראה המתוכננים שלהן.,אף אחת | לא,"phrase,strong",0.69,0.85,94347,nineeleven,quantifier,quantifier
hn10039,n,זה נכון אם אתה מנסה לקבוע סוג כלשהו של סדרי עדיפויות במדיניות.,כאילו שאתה מנסה לקבוע סדרי עדיפויות במדיניות.,זה לא חשוב אם אתה מנסה לקבוע סדרי עדיפויות במדיניות.,לא,strong,0.67,0.42,10039,slate,,predicate changed: נכון -> חשוב
hn101016,n,"מחקר ופיתוח מורכבים ממחקר בסיסי, מחקר יישומי ופיתוח.",ישנם שלושה מרכיבים של מחקר ופיתוח.,מחקר יישומי אינו חלק ממחקר ופיתוח.,אינו,strong,0.67,0.33,101016,government,,restructured: one list item is singled out
hn101532,n,הוא שלח לי גזיר עיתון מאמריקה.,הנייר שממנו בא החתך חסר כעת חלק.,הוא אף פעם לא שלח לי כלום משום עיתון.,אף פעם | לא,"phrase,strong",0.67,0.00,101532,fiction,,negation generalises the object; paraphrase is unrelated
hn101548,n,השנייה שזה בטוח היה מוזר איך קיבלנו את זה.,"זה בטח היה מוזר לאחרים, איך שהשגנו את זה.",לא היה מוזר טאותר איך הבאנו את זה בטוח.,לא,strong,0.67,0.56,101548,fiction,,garbled by MT
hn102522,y,השתלת היד הראשונה בארצות הברית בוצעה.,ארצות הברית כבר ראתה השתלת יד אחת שבוצעה.,מעולם לא בוצעה השתלת יד בארצות הברית.,מעולם לא,phrase,0.67,0.33,102522,slate,quantifier,quantifier
hn103628,y,זה באמת נשמע כאילו אתה יודע על מה אתה מדבר.,אתה בהחלט נשמע כמו מישהו שיודע על מה הוא מדבר.,נשמע כאילו אין לך מושג על מה אתה מדבר.,אין,strong,0.67,0.56,103628,slate,,
hn103673,n,הוא היה מוכן לתקוף בראש הנחש.,לנחש היה ראש.,הוא לא היה מוכן לתקוף.,לא,strong,0.67,0.17,103673,nineeleven,,negation drops בראש הנחש
hn103890,n,"ובכן, ובכן, אמר התעשיין.","ובכן, ובכן, דיבר התעשיין.",התעשיין לא אמר מילה.,לא,strong,0.67,0.67,103890,fiction,,"negates the act of speaking, not the content"
hn104142,n,בית המשפט לערעורים ביטל את הפסיקה.,הפסיקה הוגשה לבית המשפט לערעורים של המחוז.,הפסיקה לא הוצגה בפני בית המשפט לערעורים.,לא,strong,0.67,0.50,104142,government,,verb changed: ביטל -> הוצגה
hn107900,y,גודלה הקטן של מדיירה יכול להטעות.,הגודל הקטן של מדיירה יכול להיראות מטעה.,גודלה הקטן של מדיירה אינו מטעה במיוחד.,אינו,strong,0.67,0.67,107900,travel,,
hn110163,y,המערות היו מקום מסתור ללוחמי גרילה קומוניסטים אנטי-יפנים במהלך מלחמת העולם השנייה.,המערות היו מקום מסתור במהלך מלחמת העולם השנייה.,המערות לא היו מקום מסתור במהלך מלחמת העולם השנייה.,לא,strong,0.67,0.67,110163,travel,,
hn110674,n,האם אינך יכול לנחש?,,אתה לא יכול לנחש.,לא,strong,0.67,0.00,110674,fiction,WRITE PARAPHRASE,direction inverted: the target is already negated
hn110820,y,היו לה שם כמה חברים אמריקאים.,כמה מחבריה האמריקאים היו שם.,לא היו שם חברים אמריקאים שלה.,לא,strong,0.67,0.50,110820,fiction,existential,existential
hn1111,n,אני רוצה לדעת עוד על זה.,הייתי רוצה לדעת עוד.,אני לא צריך לדעת כלום על זה.,לא,strong,0.67,0.50,1111,fiction,,modal changed: רוצה -> צריך
hn112461,n,ומה עוד למדנו מהחידון של היום?,למדנו מהחידון של היום.,לא למדנו מהחידון של היום.,לא,strong,0.67,0.67,112461,slate,,"target is a question, negation is a statement"
hn11403,n,האם יש לכם מחלקת משאבי אנוש?,"מחלקת משאבי אנוש, יש לכם את זה?",אין לכם מחלקת משאבי אנוש.,אין,strong,0.67,0.83,11403,slate,,"target is a question, negation is a statement"
hn114389,y,"מסקיאתוס, ניתן להגיע לסקופלוס, אלוניסוס וסיקירוס.","אתה יכול להגיע לאלוניסוס, סקופלוס וסקירוס, אם אתה מתחיל מסקיאתוס.","מסקיאתוס, אי אפשר להגיע לסקופלוס, אלוניסוס או סקירוס.",אי אפשר,phrase,0.67,0.33,114389,travel,privative,privative
hn11494,y,גם לי הייתה עבודה אמיתית פעם.,עבדתי בעבודה אמיתית.,מעולם לא הייתה לי עבודה אמיתית.,מעולם לא,phrase,0.67,0.17,11494,fiction,quantifier,quantifier
hn118624,y,אתה באמת יודע מה יש בכולם?,האם אתה יודע מה יש בכולן?,אתה לא יודע מה יש בכל אלה?,לא,strong,0.67,0.67,118624,fiction,question,question
hn11894,n,הנחיות הנדסה ועיצוב לשיפוצי הזרקת צינורות,ישנם קווים מנחים לעיצוב עבור התאמות הזרקת צינורות.,כרגע אין הנחיות עיצוב לשיפוצי הזרקת צינורות.,אין,strong,0.67,0.33,11894,government,,target is a heading
hn120316,y,"רביעית, יהיו סגירות של בתי דואר.",יתרחשו מספר סגירות של בתי דואר.,לא יהיו סגירות של סניפי דואר.,לא,strong,0.67,0.67,120316,government,,
hn121283,n,כאשר הנשיא ג'ורג' ה.וו.,היה נשיא בשם ג'ורג' ה. ו.,ג'ורג' ה.וו. מעולם לא היה נשיא.,מעולם לא,phrase,0.67,0.50,121283,government,,target truncated
hn121959,n,"אחד הוא איש הלייבור, אתה חושב?","אחד הוא חלק מקבוצת העבודה, אתה חושב?","אחד בהחלט לא איש הלייבור, אתה מאמין?",לא,strong,0.67,0.67,121959,fiction,,verb changed: חושב -> מאמין
hn122583,y,"ממש שם בעמוד 302, הוא מסביר.",הוא הסביר שזה היה בעמוד 302.,הוא לא מסביר בעמוד 302.,לא,strong,0.67,0.50,122583,slate,,
hn124900,n,"אם יש גן עדן עלי אדמות,",,בהחלט אין גן עדן עלי אדמות.,אין,strong,0.67,0.00,124900,travel,WRITE PARAPHRASE,target truncated
hn126222,y,"כפי שמוצג במשוואה (4), האיבר D במשוואת Vb מכיל Pb, כך שכאשר Pb משתנה, ההנחה מושפעת.","כפי שמוצג במשוואה (4), האיבר D במשוואת Vb מכיל את Pb","כפי שמוצג במשוואה (4), האיבר D במשוואת Vb אינו מכיל Pb",אינו,strong,0.67,0.67,126222,government,,paraphrase and negation drop the same clause
hn130436,n,מדוע אני כל כך להוט לחיבור?,למה אני כל כך רוצה את הקשר?,למה אני לא כל כך משתוקק לחיבור?,לא,strong,0.67,0.50,130436,slate,,verb changed: להוט -> משתוקק
hn132873,y,"כן, ללא ספק, האיש הקטן היה חכם.",הוא היה גבר קטן חכם.,האיש הקטן לא היה חכם בכלל.,לא,strong,0.67,0.33,132873,fiction,,
hn138378,n,אנחנו נוסעים דרך ריג'נט פארק!,דרך ריג'נט פארק זה לאן שאנחנו הולכים!,אנחנו לא הולכים דרך ריג'נטס פארק?,לא,strong,0.67,0.67,138378,fiction,,exclamation turned into a question
hn138438,n,האם זה אפשרי לסגור את הפער המגדרי הפוליטי הזה?,אנשים תוהים אם אפשר לסגור את הפער המגדרי הפוליטי.,בהחלט לא ניתן לסגור את הפער המגדרי הפוליטי הזה.,לא,strong,0.67,0.56,138438,slate,,"target is a question, negation is a statement"
hn140182,n,אולי היא מנסה את אותה גישה.,היא עשויה לנסות את אותה גישה.,היא לא שוקלת את אותה גישה.,לא,strong,0.67,0.67,140182,slate,,verb changed: מנסה -> שוקלת
hn141081,n,שנג'ן הייתה האזור הכלכלי המיוחד הראשון של סין.,"שנזן, הממוקמת בסין, הייתה האזור הכלכלי המיוחד הראשון.",האזור הכלכלי המיוחד הראשון של סין מעולם לא נבנה.,מעולם לא,phrase,0.67,0.56,141081,travel,,negation makes a different claim (never built)
hn14238,n,הוא גם מאמין בכנות בתסריטים שלו.,הוא מאמין בכנות בתסריטים שלו.,הוא לא מאמין בתסריטים שלו.,לא,strong,0.67,0.83,14238,slate,,negation drops בכנות
hn144471,n,"מה דעתך להצטרף אלינו, מר גייטס?",מר גייטס מתבקש להצטרף אלינו.,מר גייטס לא רשאי להצטרף אלינו.,לא,strong,0.67,0.67,144471,slate,,invitation turned into a permission claim
hn144739,n,יישוב עולמות אחרים יהיה ההרפתקה האולטימטיבית.,,יישוב עולמות אחרים לא יהיה הרפתקה גדולה.,לא,strong,0.67,0.00,144739,slate,WRITE PARAPHRASE,adjective changed: האולטימטיבית -> גדולה
hn15440,n,"אם האחרים היו שם, הייתי עושה בדיוק אותו הדבר.""","אם האחרים היו בסביבה, הייתי עושה כמוהם.","אם האחרים היו שם, לא הייתי עושה כלום.",לא,strong,0.67,0.56,15440,fiction,,object changed: אותו הדבר -> כלום
hn19299,n,הסכם זה הוא הבסיס לשלטון העצמי של המרונים כיום.,שורש השלטון העצמי של המרונים שאנו מכירים היום טמון בהסכם זה.,הסכם זה לא היה קשור לשלטון העצמי של המרונים.,לא,strong,0.67,0.44,19299,travel,,predicate changed: הבסיס ל -> קשור ל
hn194,y,"בסדר, אני אכן מאשים את עצמי.","אני מאשים את עצמי, בסדר.",אני לא מאשים את עצמי בכלל.,לא,strong,0.67,0.83,194,slate,,
hn19652,n,"הם ראו אותי מגיע, ועצרו להביט.",כשהם ראו אותי מגיע הם נעצרו כדי לצפות.,הם לא ראו אותי מגיע.,לא,strong,0.67,0.67,19652,fiction,,negation drops the second clause
hn20484,n,לרוב בתי המלון יש בריכות שחייה.,בריכות שחייה נפוצות בבתי מלון.,לא הרבה בתי מלון יש בריכות שחייה.,לא,strong,0.67,0.33,20484,travel,,quantifier changed: רוב -> לא הרבה
hn20606,n,נקראת וביקשת מידע נוסף לפני שנתת התחייבות או מתנה לבית הספר למשפטים.,"כאשר התקשרו אליך, ביקשת לקבל פרטים נוספים לפני שתכריע אם לתת מתנה או לתרום לבית הספר למשפטים.",לא ביקשת מידע נוסף לפני שנתת מתנה לבית הספר למשפטים.,לא,strong,0.67,0.50,20606,letters,,negation drops the first clause
hn21415,n,אבל הוא צריך לשים לב יותר.,הוא צריך לשים לב יותר.,הוא לא צריך לשים לב.,לא,strong,0.67,0.83,21415,slate,,"negation drops יותר, which changes the claim"
hn21669,y,"ראשית, כמובן, הוא התכוון להישאר כאן.","ראשית, התכוון להישאר כאן.",הוא לא התכוון להישאר כאן.,לא,strong,0.67,0.67,21669,fiction,,
hn21980,n,הוא היה בן 65 באותו הזמן.,הוא היה בן 65.,הוא אף פעם לא היה בן 65.,אף פעם | לא,"phrase,strong",0.67,0.67,21980,slate,,negation drops באותו הזמן; 'never was 65' is not the opposite
hn22137,n,"אבל אני מכבד נשים, אני מעריץ נשים, ואם זה אמור להיות רע, אז אני אשם.",אני אשם בכבוד ובהערכה לנשים אם זה דבר רע.,אני לא מכבד או מעריץ נשים ואם זה דבר רע אני אשם.,לא,strong,0.67,0.33,22137,slate,,negating the first clause leaves the rest incoherent
hn22364,n,"בפגישת המידע של Tulare County Water Works הערב, המנהיגים יסבירו את הכללים.",מנהיגים יסבירו את הכללים בפגישת המידע של עבודות המים של מחוז טולאר.,המנהיגים לא יסבירו דבר לאף אחד בפגישת המידע של Tulare Count Water Works.,לא | לאף אחד,"phrase,strong",0.67,0.50,22364,government,,negation adds לאף אחד; place name also corrupted
hn23206,y,"כן, כן, הוא אמר.",הוא אמר כן.,הוא אמר לא.,לא,strong,0.67,1.00,23206,fiction,,
hn24218,y,זה היה תלוי בי להבין איך.,הייתי צריך להבין את זה.,לא היה תלוי בי לגלות איך.,לא,strong,0.67,0.33,24218,fiction,,
hn25825,n,ילדים כנראה תוהים איך אלוהים נראה.,ילדים סקרנים לגבי איך אלוהים נראה.,ילדים אף פעם לא מנסים לדמיין איך אלוהים נראה.,אף פעם | לא,"phrase,strong",0.67,0.67,25825,letters,,verb changed: תוהים -> מנסים לדמיין
hn27137,n,זה מה ש'השתמש בכוח' הוא.,זה מה שכוח הוא כל העניין.,"זה לא מה שכוונתו של ""השתמש בכוח"".",לא,strong,0.67,0.50,27137,slate,,garbled by MT
hn27826,y,"בטח שיש מרחב תמרון, אמר לוט.",לוט אמר שבוודאי קיים מרחב תמרון.,לוט אמר שאין מרחב תמרון,שאין,strong,0.67,0.50,27826,slate,,
hn28543,n,סיוע להפחתה כוללת של 2 דולר.,הפחתה של 2$ מצריכה סיוע.,הפחתה של 2 דולר לא דורשת סיוע.,לא,strong,0.67,0.50,28543,government,,target is a fragment
hn31969,n,כל פסקאות שהושמטו מסומנות בתוכן העניינים.,כל הפסקאות שהוצאו עדיין מוצגות בתוכן העניינים.,כל הפסקאות שהושמטו לא יימצאו בתוכן העניינים.,לא,strong,0.67,0.50,31969,government,,verb changed: מסומנות -> יימצאו
hn32099,n,"בלי קסם, איך נוכל להפשיר נשמה קפואה?",איך אפשר להפשיר נשמה קפואה בלי קסם?,אי אפשר להפשיר נשמה קפואה בעזרת קסם.,אי אפשר,phrase,0.67,0.83,32099,fiction,,בלי קסם -> בעזרת קסם flips the wrong constituent
hn322,n,"אם אין דוכן אחר פתוח, אני מבין.",אני מבין אם אין עוד דוכנים פתוחים.,אני לא מבין למה לא תהיה דוכן פתוח.,לא | לא,strong,0.67,0.50,322,slate,,target already contains אין; direction ambiguous
hn33,n,ערכים אלה נדחו בחישוב אחוז ה-CV.,כמה ערכים נדחו.,לא נדחו ערכים בחישוב אחוז הקורות חיים.,לא,strong,0.67,0.33,33,government,,CV mistranslated as קורות חיים in the negation
hn34083,y,"עם פרסומים מודפסים, יש בעיה שונה.",יש בעיה אחרת עם פרסומים מודפסים.,אין שום בעיה עם פרסומים מודפסים.,אין,strong,0.67,0.83,34083,slate,existential,existential
hn34449,n,החדרים המשופרים שווים את התשלום הנוסף.,החדרים המשופרים הם שדרוג.,החדרים המשופרים לא שווים את השדרוג.,לא,strong,0.67,0.33,34449,travel,,object changed: התשלום הנוסף -> השדרוג
hn36777,n,"כמובן, לעולם לא דחינו אנשים בגלל שהם היו לא יציבים מדי.",אנשים לא נדחו בגלל שהיו לא יציבים.,דחינו אנשים בגלל שהם היו בלתי יציבים.,בלתי,strong,0.67,0.33,36777,slate,,direction inverted: the target is already negated
hn37198,n,אני מסכים איתך לגבי ביקורות ספרים.,אני משתף את אותה דעה שיש לך לגבי ביקורות ספרים.,אני לא בצד שלך לגבי ביקורות ספרים.,לא,strong,0.67,0.67,37198,slate,,idiom changed: מסכים איתך -> בצד שלך
hn40750,y,"מיסיונרים מוקדמים נהגו לומר tiens, bois!","מיסיונרים מוקדמים היו רגילים לומר טיינס, בואה.","מיסיונרים מוקדמים אף פעם לא נהגו לומר טיאנס, בואה.",אף פעם | לא,"phrase,strong",0.67,0.50,40750,travel,quantifier,quantifier
hn41614,n,הילדים שלי אחרי שיסיימו את לימודיהם.,הילדים שלי יסיימו את לימודיהם.,הילדים שלי לעולם לא יסיימו את לימודיהם.,לא,strong,0.67,0.67,41614,slate,,target is a fragment
hn42486,n,רישום מדויק ומועד של עסקאות ואירועים,רישום מדויק ומהיר של עסקאות ואירועים,רישום איטי ולא נכון של עסקאות ואירועים,ולא,strong,0.67,0.83,42486,government,,target is a heading; negation is an antonym phrase
hn42803,n,"יכולת לספר לחבר שלך שזכית בד""ר פיימוס בהגרלה.","את יכולה ליידע את בן הזוג שלך שזכית בד""ר פיימוס בהגרלה.","אי אפשר לספר לחבר שלך שזכית בד""ר פאמוס.",אי אפשר,phrase,0.67,0.67,42803,slate,,person and tense both changed
hn4357,n,"ואז היא אמרה: ""גברת קוונדיש כן.","""גברת קוונדיש עושה זאת,"" אמרה.","היא אמרה, ""גברת קוונדיש לא.""",לא,strong,0.67,0.50,4357,fiction,,elliptical (גברת קוונדיש כן/לא)
hn49682,y,אני בטוח שאתה תמצא את זה.,אני די בטוח שתמצאו את זה.,אני לא בטוח שתמצא את זה.,לא,strong,0.67,0.67,49682,fiction,,
hn50610,y,שילמתי על המיקרופון הזה שמן הסתם הגיע מקומדיה פוליטית של ספנסר טרייסי.,שילמתי על המיקרופון הזה שהגיע מקומדיה של ספנסר טרייסי.,לא שילמתי על המיקרופון הזה שהגיע מקומדיה של ספנסר טרייסי.,לא,strong,0.67,0.67,50610,slate,,
hn51963,n,שינוי בלתי מוסבר במצב הפיננסי של USPS לשנת הכספים 2001,ישנו שינוי בלתי מוסבר במצב הפיננסי של USPS לשנת הכספים 2001.,לא היו שינויים במצב הפיננסי של USPS לשנת 2001.,לא,strong,0.67,1.00,51963,government,,target is a heading
hn5628,n,פותחו מספר מסכים עבור נשים בהריון.,"לנשים בהריון, פותחו כמה בדיקות ומסכים.",לא פותחו בדיקות עבור נשים בהריון.,לא,strong,0.67,0.33,5628,government,,noun changed: מסכים -> בדיקות
hn56390,y,בית המשפט העליון ישמע טיעונים לגבי החוקתיות של תוכנית IOLTA במדינת וושינגטון.,החוקתיות של תוכנית IOLTA של וושינגטון תטען בפני בית המשפט העליון.,החוקתיות של תוכנית IOLTA של וושינגטון לא תטען בפני בית המשפט העליון.,לא,strong,0.67,0.67,56390,government,,
hn57867,n,"אדונים, אדונים בכל מקום.","אדונים, אדונים מסביב.","אדונים, אדונים בשום מקום לא נמצאו.",לא,strong,0.67,0.33,57867,slate,,negation adds נמצאו to a verbless line
hn61336,n,כי אנחנו צריכים את זה מאוד.,אנחנו צריכים את זה מאוד.,אנחנו לא צריכים את זה.,לא,strong,0.67,0.83,61336,slate,,negation drops מאוד
hn62043,n,אבל דליפות אנונימיות בדיעבד הן משחיתות.,דליפות אנונימיות בדיעבד הן משחיתות.,דליפות אנונימיות בדיעבד הן בלתי מזיקות.,בלתי,strong,0.67,0.83,62043,slate,,"antonym via privative, and משחיתות -> מזיקות"
hn65990,n,"הוא אמר, ""אני מניח שאתה צודק.","הוא אמר, ""ייתכן שאתה צודק.""","הוא אמר, ""אין שום סיכוי שאתה צודק.""",אין,strong,0.67,0.67,65990,fiction,,negation restructured (אין שום סיכוי)
hn70215,n,"הקרב שלו עם בוב קראפט, הבעלים של הפטריוטס, היה .",הקרב שלו עם בוב קראפט קרה.,הקרב שלו עם בוב קראפט לא היה.,לא,strong,0.67,0.56,70215,slate,,target truncated
hn70566,n,"יש אמונה בריאה בבטון בסוג כזה של סיפור, ועניין דמוקרטי בטבע האנושי.",יש אמונה בחומר של הסיפור והעניין הדמוקרטי שנמצא בטבע האנושי.,יש אמונה לא בריאה בבטון בסוג כזה של סיפור.,לא,strong,0.67,0.42,70566,slate,,negation drops the second clause
hn71199,n,דרו התאמץ לראות או לשמוע מה שוכן מעבר ל-,דרו ניסה לראות או לשמוע מה היה מעבר.,דרו לא רצה לשמוע או לראות מה היה מעבר.,לא,strong,0.67,0.67,71199,fiction,,target truncated; verb also changed
hn7227,n,"אתה צריך לבוא למערות, היא דיברה.",היא אמרה לבוא למערות.,היא אמרה שלא היית צריך לבוא למערות.,שלא,strong,0.67,0.50,7227,fiction,,tense changed
hn72477,n,או אולי הוא מצא משהו שהוא רצה לשמור לעצמו?,או האם הוא רצה לשמור את מה שמצא לעצמו.,האם הוא מצא משהו שהוא לא רצה לשמור?,לא,strong,0.67,0.56,72477,fiction,,"question restructured, not negated"
hn80022,n,מודלרים עומדים בפני אתגרים דומים כאשר,מודלרים עומדים בפני אתגרים דומים.,מודלרים לעולם לא ניצבים בפני אתגרים דומים,לא,strong,0.67,0.83,80022,government,,target truncated
hn81422,y,"רני כבר אמר שזה בסדר מבחינתו.""","זה בסדר עם רני, הוא כבר אמר.",רני אמר שזה בכלל לא בסדר בעיניו.,בכלל לא,phrase,0.67,0.67,81422,fiction,,
hn82678,n,יש לנו משהו שאתם חייבים לראות.,אתה חייב לראות את זה.,יש לנו משהו שאתה לא רוצה לראות.,לא,strong,0.67,0.17,82678,fiction,,modal changed: חייבים -> רוצה
hn8308,n,תנאים הדורשים הערכה של אמינות נתונים.,ישנם תנאים הדורשים נתונים אמינים.,התנאים אינם דורשים הערכה של אמינות נתונים.,אינם,strong,0.67,0.50,8308,government,,target is a heading
hn83119,y,"אבל במקרה של אלפרד אינגלת'ורפ, כל זה השתנה.",המקרה של אלפרד אינגלת'ורפ השתנה.,לא השתנה דבר במקרה של אלפרד אינגלת'ורפ.,לא,strong,0.67,0.56,83119,fiction,quantifier,quantifier
hn87092,y,אנשי קשר נוספים מפורטים בנספח II.,נספח II כולל יותר אנשי קשר.,אין אנשי קשר המצויים בנספח II.,אין,strong,0.67,0.50,87092,government,existential,existential
hn88730,n,הנרי אי המציאות של הוויה (המוזיאון לאמנות עממית אמריקאית).,,אי המציאות של היות אינו נוגע לאמנות עממית אמריקאית.,אינו,strong,0.67,0.00,88730,slate,WRITE PARAPHRASE,target is a garbled title
hn88942,y,דוגמה אחת היא יום השירות שלנו.,יום השירות שלנו הוא דוגמה אחת.,יום השירות שלנו הוא בהחלט לא דוגמה.,לא,strong,0.67,0.83,88942,government,,
hn90920,n,הם היו מסיימים תוך זמן קצר.,,הם לא היו מסיימים במשך זמן רב.,לא,strong,0.67,0.00,90920,fiction,WRITE PARAPHRASE,'would not finish for a long time' is a different claim
hn91401,n,"אך אנשים מאמינים, או רוצים להאמין.",אנשים או מאמינים או רוצים.,אנשים לא מאמינים או רוצים.,לא,strong,0.67,0.67,91401,slate,,MT garbled the disjunction
hn91982,y,אבל יש לי זכות לנסות לשנות את הספקנות הזאת.,זכותי לנסות לשנות את הספקנות הזו.,אין לי זכות לנסות לשנות את הספקנות הזו.,אין,strong,0.67,0.44,91982,slate,existential,existential
hn9218,n,ההבדלים בשיפועים ובקטעים משקפים הבדלים באוכלוסייה.,ההבדלים בשיפועים ובבלוקים משקפים הבדלים באוכלוסייה.,ההבדלים בנטיות ובחיתוכים אינם משקפים הבדלים באוכלוסייה.,אינם,strong,0.67,0.83,9218,government,,nouns changed: שיפועים/קטעים -> נטיות/חיתוכים
hn93488,y,"שוב, לריצ'רד יש סיפור ורוד.",לריצ'רד היה סיפור ורוד בעבר.,לריצ'רד לא היה סיפור ורוד בעבר.,לא,strong,0.67,0.67,93488,slate,,
hn9355,n,זה יכול להיות רק סר פרת!,,סר פרת' לא יכול להיות מעורב בזה.,לא,strong,0.67,0.00,9355,fiction,WRITE PARAPHRASE,restructured
hn95071,y,"השני הוא הזר שהוא מדבר איתו.""",האיש השני איתו הוא משוחח הוא זר.,הבחור השני שהוא מדבר איתו אינו זר.,אינו,strong,0.67,0.50,95071,fiction,,
hn96208,y,אני מוכר כאן בתור מר קרטר.,"כאן, אני מוכר בתור מר קרטר.","אני לא מר קרטר, אני מוכר בשם מר רובינסון.",לא,strong,0.67,1.00,96208,fiction,,
hn96330,y,בלי הגנה נאותה תהיה שפיכות דמים ברחוב.,תהיה שפיכות דמים ברחובות בלי הגנה ראויה.,לא תהיה שפיכות דמים ללא הגנה הולמת.,לא | ללא,strong,0.67,0.67,96330,fiction,,
hn97038,y,"אני, למשל, חידשתי את החברות שלי.",החברות שלי חודשה.,לא חידשתי את החברות שלי.,לא,strong,0.67,0.33,97038,government,,
hn98826,y,זו המדיניות הזמינה ביותר באופן מיידי כדי להגן על מטופלים עם תקנות סודיות פדרליות ולהקל על חששות לגיטימיים לגבי הזכות לפרטיות.,זוהי המדיניות הזמינה ביותר באופן מיידי כדי להגן על המטופלים ולהקל על חששות לגיטימיים לגבי הזכות לפרטיות.,זו אינה המדיניות הזמינה ביותר באופן מיידי להגנה על מטופלים והקלה על חששות לגיטימיים לגבי הזכות לפרטיות.,אינה,strong,0.65,0.70,98826,government,,paraphrase and negation drop the same phrase
hn102342,n,רבים מהדהדים את ההשוואה של לאונרדו דה וינצ'י לשקי אגוזים.,לאונרדו דה וינצ'י הושווה לשק אגוזים.,אף אחד לא השווה את לאונרדו דה וינצ'י לשקי אגוזים.,אף אחד | לא,"phrase,strong",0.64,0.45,102342,travel,,verb and quantifier both changed
hn104296,n,"בחיפה יש מספר חופים טובים, ממש ממערב לנמל באזור בת גלים.","ממש ממערב לנמל באזור בת גלים, בחיפה יש מספר חופים טובים.","בחיפה אין חופים טובים, אבל יש הרים ממש ממערב לנמל.",אין,strong,0.64,1.00,104296,travel,,negation adds a contrasting clause (אבל יש הרים)
hn131951,n,פרשנים תרבותיים שידכו את סטיוארט לקורלט כאלופי המידות הטובות ואיש העם.,סטיוארט וקורלט הוצמדו יחד על ידי פרשנים תרבותיים כאלופי האדם הפשוט.,פרשנים תרבותיים אף פעם לא השוו את סטיוארט לקוראלט כאלופי המידות הטובות.,אף פעם | לא,"phrase,strong",0.64,0.36,131951,slate,,verb changed: שידכו -> השוו
hn142620,y,"כפי שנדון בסעיף 1, הביטוח הלאומי משפיע גם על התמריצים של אנשים לחסוך לפנסיה.",הביטוח הלאומי משפיע גם על התמריצים של אנשים לחסוך לפנסיה.,הביטוח הלאומי לא משפיע על התמריצים של אנשים לחסוך לפנסיה.,לא,strong,0.64,0.71,142620,government,,
hn143862,y,משרד החקירות המיוחדות (OSI) הוא יחידה מיוחדת בתוך GAO המאוישת על ידי חוקרים פליליים.,OSI היא יחידה מיוחדת בתוך ה-GAO המאוישת על ידי חוקרים פליליים.,OSI אינה יחידה מיוחדת בתוך GAO שמאוישת על ידי חוקרים פליליים.,אינה,strong,0.64,0.64,143862,government,,
hn30630,y,הייתי מודאג אם ווסט היה מגייס את עמדות המדיניות של בראדלי.,הייתי מודאג אם ווסט היה כותב את המדיניות.,לא הייתי מודאג אם ווסט היה כותב את המדיניות.,לא,strong,0.64,0.64,30630,slate,,paraphrase and negation share the same rewording
hn45527,y,"על פי המבוא לכלל הסופי, HUD קיבל 354 הערות על הכלל המוצע.","HUD קיבלה 354 הערות על הצעת החוק, על פי המבוא לחוק הסופי.","על פי המבוא לכלל הסופי, HUD לא קיבלה שום הערות.",לא,strong,0.64,0.64,45527,government,quantifier,quantifier
hn53350,y,על פינות הגג ההפוכות של המקדש המוזהב המנצנץ עומדים ציפורים מארד.,ציפורים מברונזה עומדות על פינות הגג ההפוכות של המקדש המוזהב.,אין ציפורים מברונזה על פינות הגג ההפוכות של המקדש.,אין,strong,0.64,0.73,53350,travel,existential,existential
hn714,n,"המלכה מארי אנטואנט, רובספייר, דנטון וסן-ז'וסט בילו את לילותיהם האחרונים בגלרי דה פריזונייר.","גלריית האסירים אירחה את המלכה מארי-אנטואנט, רובספייר, דנטון וסן-ז'וסט.","המלכה מארי אנטואנט, רובספייר, דנטון וסן-ז'וסט לא היו מעולם בגלרי דה פריזוניירס",לא | מעולם,strong,0.64,0.43,714,travel,,verb changed: בילו את לילותיהם -> היו
hn21173,y,"שיעורי האוריינות הם רק אינדיקטור לחינוך, שהוא עצמו דרך נוספת לדבר על מעבר עולמי מאורח חיים של יד לפה.","שיעורי האוריינות הם רק אינדקס לחינוך, שהוא דרך לדבר על מעבר מאורח חיים של יד לפה.",שיעורי האוריינות אינם אינדקס לחינוך שהוא דרך לדבר על מעבר לאורח חיים של יד לפה.,אינם,strong,0.63,0.79,21173,slate,,
hn53258,n,"בהתאם לסטנדרטים לביקורת ממשלתית מקובלים, GAO מעדיף להשתמש במוצרים שפורסמו כדי להעביר את התוצאות הסופיות של עבודתו מכיוון שהם",GAO מעדיף להשתמש במוצרים מפורסמים כדי לתקשר את התוצאות הסופיות של עבודתו,GAO לא מעדיף להשתמש במוצרים שפורסמו כדי להעביר את התוצאות הסופיות של עבודתו,לא,strong,0.63,0.53,53258,government,,target truncated mid-clause
hn101571,n,סביבת בקרה חיובית היא הבסיס לכל יתר התקנים.,כל התקנים האחרים מנותבים בסביבת בקרה חיובית.,סביבת בקרה חיובית אינה הכרחית לכל התקנים.,אינה,strong,0.62,0.38,101571,government,,predicate changed: הבסיס -> הכרחית
hn112531,n,"פרס סנדרה דיי אוקונור לשנת 2002 לשירות מקצועי הוענק לקונר בטקס בארה""ב",קונר קיבל פרס ב-2002.,פרס סנדרה דיי אוקונור לשירות מקצועי לא הוענק בשנת 2002.,לא,strong,0.62,0.08,112531,government,,negation drops the recipient
hn114172,y,אז הוא צריך להישאר בסנאט ולהמשיך לעשות צרות.,לכן עליו להישאר בסנאט ולהוסיף לעשות צרות.,הוא לא צריך להישאר בסנאט ולעשות יותר צרות.,לא,strong,0.62,0.00,114172,slate,,
hn116651,n,זה מקום נהדר להתחיל בו את הביקור שלך.,זהו מיקום נפלא להתחיל בו את הביקור שלך.,זה לא המקום להתחיל את הביקור שלך.,לא,strong,0.62,0.62,116651,travel,,negation drops נהדר
hn117830,n,ועדת ההימורים הלאומית האחרונה הייתה באמצע שנות ה-70.,ועדת ההימורים הלאומית האחרונה התקיימה בשנות ה-70.,ועדת ההימורים הלאומית האחרונה לא הייתה מזמן מדי.,לא,strong,0.62,0.62,117830,slate,,'not too long ago' is a different claim
hn120432,n,שתי הערים חוו את אותו גורל הרסני פעמיים.,שתי הערים סבלו מהרס.,שתי הערים אף פעם לא חלקו את אותו גורל.,אף פעם | לא,"phrase,strong",0.62,0.25,120432,travel,,negation drops הרסני and פעמיים and changes the verb
hn122055,n,סיפור מתאר את תקופת הפריצה של מוחמד עלי.,תקופת הפריצה של מוחמד עלי תוארה כ-,תקופת הפריצה של מוחמד עלי מעולם לא תוארה.,מעולם לא,phrase,0.62,0.62,122055,slate,,restructured; paraphrase truncated
hn128886,y,חיסכון ממשלתי משפיע ישירות על הגמישות התקציבית העתידית באמצעות השפעתו על הוצאות תשלום הריבית.,חסכון ממשלתי משפיע ישירות על הגמישות התקציבית העתידית.,חיסכון ממשלתי אינו משפיע ישירות על הגמישות התקציבית העתידית.,אינו,strong,0.62,0.54,128886,government,,paraphrase and negation drop the same clause
hn132345,n,זה כיף גדול לעזור לשומרים לפתוח את המנעולים.,לעזור לשומרים לפתוח את המנעולים זה מאוד כיף.,"לעזור לשומרים לפתוח את המנעולים מייגע ולא מהנה,",ולא,strong,0.62,0.88,132345,travel,,"antonym plus negation, not a polarity flip"
hn13902,y,כעת חוזים עודפי תקציב פדרליים לפחות לעשור הקרוב.,כעת צפויים עודפי תקציב פדרליים לפחות לעשור הבא.,עודפי תקציב פדרליים לא צפויים לפחות בעשור הקרוב.,לא,strong,0.62,0.75,13902,government,,
hn144480,y,"בגרסת ABC של המסמך, הוא מופיע בשני המקומות.",זה הופיע בשני מקומות בגרסה של ABC למסמך.,"בגרסת ABC למסמך, זה לא מופיע בשני המקומות.",לא,strong,0.62,0.38,144480,slate,,
hn144561,n,הבטחת כיסוי ביקורת מספק של אבטחת מידע בסוכנות,סיקור סקירה מספק של אבטחת מידע מובטח.,כיסוי ביקורת הולם של אבטחת מידע אינו מובטח.,אינו,strong,0.62,0.50,144561,government,,target is a heading
hn20039,n,8- תלוי באינטראקציה בין כל חיסכון אישי נוסף וצמצום ממשלתי הקשור למימון התמריץ.,תלוי באינטראקציה בין כל חסכון אישי נוסף לבין חוסר חסכון ממשלתי,אינו תלוי באינטראקציה בין כל חיסכון אישי נוסף לבין חיסכון ממשלתי,אינו,strong,0.62,0.54,20039,government,,target is a truncated list item
hn2855,n,כיצד הקמת חשבונות פרטניים תשפיע על החיסכון הלאומי?,הקמת חשבון אישי תשפיע על החיסכון הלאומי.,הקמת חשבון אישי לא תשפיע על החיסכון הלאומי.,לא,strong,0.62,0.62,2855,government,,"target is a question, negation is a statement"
hn29664,n,הניתוח הכלכלי של NRCS נידון במבוא לכלל הסופי.,הכלל הסופי כולל ניתוח כלכלי של NRCS.,הניתוח הכלכלי של NRCS אינו נכלל בכלל הסופי.,אינו,strong,0.62,0.38,29664,government,,predicate changed: נידון במבוא -> נכלל
hn30673,y,אבל יש משהו שאתה יכול לעשות כדי לעזור.,אתה יכול לסייע.,אין דבר שאתה יכול לעשות כדי לעזור.,אין,strong,0.62,0.12,30673,letters,existential,existential
hn33322,n,הציורים הפוסט-אימפרסיוניסטים של ג'ק ב. ייטס (אחיו של המשורר המפורסם) ראויים לציון במיוחד.,ג'ק ב' ייטס הוא אחיו של משורר מפורסם.,הציורים של ג'ק ב. ייטס אינם ראויים לציון כלל.,אינם,strong,0.62,0.46,33322,travel,,negation drops the parenthetical the paraphrase is about
hn42937,n,סגנון הקישוטים המרשים הזה אופייני לספרד במאה ה-16.,סגנון טיפוסי של ספרד במהלך המאה ה-16 היה מעוטר מאוד.,לא היה סגנון ייחודי אופייני לספרד במאה ה-16.,לא,strong,0.62,0.25,42937,travel,,restructured
hn43367,y,עובדים אלה יצטרכו לעבור הכשרה צולבת כדי שיוכלו לטפל הן בעיבוד ההחזרים והן באחריות התאימות שלהם.,אותם עובדים יצטרכו לעבור הכשרה כדי שיוכלו לטפל בעיבוד החזרות שלהם.,עובדים אלה לא יצטרכו לעבור הכשרה כדי שיוכלו לטפל בעיבוד החזרות שלהם.,לא,strong,0.62,0.56,43367,government,,paraphrase and negation drop the same clause
hn43371,n,אבל נשים בנות זמננו יכולות לקבל את שניהם.,נשים מודרניות יכולות לקבל את זה בכל דרך.,נשים לא יכולות לקבל את שניהם.,לא,strong,0.62,0.50,43371,slate,,negation drops בנות זמננו
hn46901,n,"בנוסף להוצאותיה הישירות, הממשלה הפדרלית מציעה תמריצי מס כדי לעודד חיסכון והשקעה שאינם פדרליים.","הממשלה הפדרלית מציעה גם תמריצים מס כדי לקדם חסכון והשקעה שאינם קשורים לממשלה הפדרלית, בנוסף להוצאות ישירות.",הממשלה הפדרלית לעולם לא מציעה תמריצים מס כדי לעודד חיסכון והשקעה.,לא,strong,0.62,0.54,46901,government,,negation drops שאינם פדרליים and the framing clause
hn47018,n,כדור הארץ במאזן של גור הואשם הן בחשיבה מעורפלת והן בקידום פוליטי עירום.,"מאשימים את הספר ""כדור הארץ במאזן"" של גור בקידום פוליטי גלוי.","הספר ""כדור הארץ במאזן"" של גור מעולם לא הואשם בחשיבה מעורפלת.",מעולם לא,phrase,0.62,0.54,47018,slate,,negation drops the conjunct the paraphrase keeps
hn53260,n,הוא תמיד שמר על חדר השינה [והארונות] נעולים.,הוא שמר על חדר השינה נעול,הוא שמר על חדרי השינה לא נעולים,לא,strong,0.62,0.62,53260,slate,,negation drops תמיד and moves inside the object
hn57480,n,"אלו שחושבים שהפוליטיקה קובעת את מהלך הטכנולוגיה (לדוגמה,",יש המאמינים שהפוליטיקה משפיעה על נתיב הטכנולוגיה.,אלה שחושבים שהפוליטיקה בשום אופן לא קובעת את מהלך התחבורה.,בשום אופן | לא,"phrase,strong",0.62,0.25,57480,slate,,target truncated; טכנולוגיה also becomes תחבורה
hn63016,n,"זה מספיק טוב, אבל יש לי תוכנית אחרת.","יש לי הצעה נוספת, אם כי זה מספיק.",זה לא מספיק ואין לי תוכנית אחרת.,לא | ואין,strong,0.62,0.50,63016,fiction,,"both clauses negated, not one"
hn65204,n,ההפניות יופיעו בסוגריים בסוף כל פסקה או איור.,"בסוף כל פסקה או איורים, שם יופיעו ההפניות.",לא יהיה כלום בסוף כל פסקה או איור.,לא,strong,0.62,0.75,65204,government,,negation drops ההפניות and בסוגריים
hn68954,n,היא הגיעה להכיר את בטי קארי טוב מאוד.,"עם הזמן, היא החלה להכיר טוב את בטי קארי.",היא הגיעה לא ממש לחבב את בטי קארי.,לא,strong,0.62,0.75,68954,slate,,verb changed: להכיר -> לחבב
hn69383,n,"במהלך העשור האחרון, הממשלה והאומה שלנו הפכו ל","האומה שלנו, כמו גם הממשלה שלנו, בעשור האחרון.","בעשור האחרון, הממשלה והאומה שלנו לא הפכו לכלום.",לא,strong,0.62,0.38,69383,government,,target truncated
hn69912,n,אתה יכול להחליט בעצמך אם אתה אוהב את השאלה של טיילור - וזו הנקודה.,טיילור יש שאלה.,אין לך זכות להחליט אם אתה אוהב את השאלה של טיילור.,אין,strong,0.62,0.08,69912,slate,,restructured (אין לך זכות)
hn70247,n,"זה שמה, אמרה טופנס, פוקחת את עיניה לרווחה.",טופנס דאגה שהעיניים שלה ייראו גדולות מאוד.,"זה לא שמה, טופנס עצמה את עיניה בפחד.",לא,strong,0.62,0.12,70247,fiction,,two things negated at once
hn72409,n,סלינג'ר כתב מכתבים דומים לסופרות צעירות אחרות.,סופרות צעירות אחרות קיבלו מכתבים דומים גם מסאלינג'ר.,סלינג'ר אף פעם לא כתב מכתבים דומים לאף אחד אחר.,אף פעם | לא | לאף אחד,"phrase,strong",0.62,0.62,72409,slate,,recipient generalised: לסופרות צעירות -> לאף אחד
hn77819,y,"לכן, יש להעריך פשרה כלכלית עבור כל פרויקט.",לכל פרויקט חייב להיות מדד כלכלי מוערך.,לא נדרשת הערכת פשרה כלכלית עבור כל פרויקט.,לא,strong,0.62,0.12,77819,government,,
hn78700,y,יש לרכוש את החבילה לאחר הגעתך לפוארטו ריקו.,עליך לרכוש את החבילה לאחר שתגיע לפוארטו ריקו.,אינך נדרש לרכוש דבר לאחר הגעתך לפוארטו ריקו.,אינך,strong,0.62,0.75,78700,travel,,
hn79242,n,"את עובדת ב-Tadminster, נכון, מיס מורדוך? היא הנהנה.",מיס מורדוק עבדה בטאדמינסטר.,את לא עובדת ב-Tadminster. היא הנהנה.,לא,strong,0.62,0.12,79242,fiction,,two sentences fused; garbled
hn81462,n,אולי תחושות הבדידות המוגברות שלהם הן השתקפויות של הבנה מעמיקה יותר של המצב האנושי.,בדידות נראית כהשתקפות של הבנה של מה זה להיות אנושי.,תחושות הבדידות המוגברת שלהם לא היו השתקפויות של הבנה מעמיקה יותר.,לא,strong,0.62,0.15,81462,slate,,negation drops אולי and changes tense
hn87849,n,מוזיאון הטבע של מחוז לוס אנג'לס והסניף שלו בברבנק נהדרים לכל המשפחה.,כל המשפחה יכולה להעריך את מוזיאון הטבע של מחוז לוס אנג'לס ואת הסניף שלו בברבנק.,בברבנק אין סניף של מוזיאון הטבע של מחוז לוס אנג'לס.,אין,strong,0.62,0.77,87849,travel,,"negates the branch's existence, not the claim"
hn88761,n,אלכסנדר לבד היה מעורב בשערורייה של המאפיה בסיביר.,שערוריית מאפיה התרחשה בסיביר.,אלכסנדר לבד מעולם לא היה מעורב עם המאפיה.,מעולם לא,phrase,0.62,0.12,88761,slate,,negation drops בסיביר
hn88841,n,"בתיאוריה, צמצום אמור להיות דרך להתאים את גודל כוח העבודה שלך לגודל העסק שלך.",צמצום צריך להתאים את כוח העבודה שלך לגודל העסק שלך.,צמצום לא יכול להתאים את כוח העבודה שלך לגודל העסק שלך.,לא,strong,0.62,0.62,88841,slate,,modal changed: אמור -> יכול
hn88882,y,קיימים מספר חלופות לרישום שינויים בלוחות זמנים שנקבעו.,קיימות אלטרנטיבות רבות לרישום שינויים בלוחות זמנים שנקבעו.,לא קיימות חלופות לרישום שינויים בלוחות זמנים קבועים.,לא,strong,0.62,0.62,88882,government,existential,existential
hn95477,n,"הוא התנשף כשהגיע לפסגה, אבל עדיין הצליח לדבר.",הוא היה מותש כשהגיע לפסגה.,הוא לא הצליח לדבר כשהגיע לפסגה.,לא,strong,0.62,0.38,95477,fiction,,"restructured, first clause dropped"
hn95743,n,ערכים אלה משקפים את ההתאמה לשינויים בהכנסה הריאלית לאורך זמן הכלולה בשומות ההטבות בסיכומי ההטבות הלאומיות שלנו.,ההתאמה לשינויים בהכנסה הריאלית לאורך זמן שנכללת בשומות ההטבות בסיכומי ההטבות הלאומיים שלנו משתקפת בערכים אלה.,ערכים אלה אינם משקפים את ההתאמה לשינויים בהכנסה הריאלית לאורך זמן.,אינם,strong,0.62,0.69,95743,government,,"negation drops a clause the paraphrase keeps, so the pair is not parallel"
hn96776,n,חברות מסחריות מובילות מצפות ממנהלי התוכניות שלהן לספק מוצרים באיכות גבוהה בזמן ובתקציב.,מצופה ממנהלי תוכנית לספק מוצרים באיכות גבוהה בתוך התקציב ובזמן.,חברות מסחריות מובילות אינן מצפות ממנהלי תוכניות לספק תוכן באיכות גבוהה.,אינן,strong,0.62,0.38,96776,government,,object changed and בזמן ובתקציב dropped
hn96986,n,"במהלך הדיון במליאה, הובעה דאגה רבה לגבי ה-","בוויכוח, הועלתה דאגה לגבי ה-","במהלך דיון, לא הובעה כל דאגה לגבי ה-",לא,strong,0.62,0.38,96986,government,,target truncated
hn98257,n,ספרים אלקטרוניים עשויים להתכנס עם מכשירים ניידים אחרים.,ספרים אלקטרוניים עשויים לעבוד עם מכשירים ניידים אחרים,ספרים אלקטרוניים לא יתמזגו עם מכשירים אחרים,לא,strong,0.62,0.88,98257,slate,,modal dropped and verb changed
hn98950,y,טינטורטו (1518 - 1594) הביא את המנייריזם לוונציה.,טינטורטו הוא שהביא את סגנון המנייריזם לוונציה.,טינטורטו לא הביא את המנייריזם לוונציה.,לא,strong,0.62,0.12,98950,travel,,
hn99694,y,היית מתקשר לחברים שלך בטלפון הזה קודם כל!,היית משתמש בטלפון כדי להתקשר לחברים שלך.,לעולם לא היית מתקשר לחברים שלך בטלפון.,לא,strong,0.62,0.50,99694,fiction,quantifier,quantifier
hn126211,y,"על ידי השקעה בקהילה באמצעות שותפות זו, אתה יכול לעזור ליותר מ-220,000 אנשים במרכז אינדיאנה בשנה הבאה.","אתה יכול לעזור ליותר מ-220,000 אנשים במרכז אינדיאנה בשנה הבאה על ידי השקעה בקהילה באמצעות שותפות זו.",לא תעזור לאף אחד במרכז אינדיאנה בשנה הבאה על ידי השקעה בקהילה באמצעות שותפות זו.,לא | לאף אחד,"phrase,strong",0.61,1.00,126211,letters,quantifier,quantifier
hn35347,y,"כדי להתמודד ביעילות עם סוגים אלה של אנשים, סנקציות אזרחיות חייבות להיות חזקות מספיק וממוקדות מספיק כדי למנוע משחקנים רעים פוטנציאליים לעשות דברים שפוגעים באחרים.","כדי להתמודד בצורה יעילה עם סוגים אלה של אנשים, סנקציות אזרחיות חייבות להיות חזקות מספיק","כדי להתמודד ביעילות עם סוגים אלה של אנשים, סנקציות אזרחיות לא חייבות להיות חזקות מספיק",לא,strong,0.61,0.57,35347,government,,paraphrase and negation drop the same clause
hn100458,n,"ובכן, הוא הודה, ""אני מניח שזה יכול להיות גרוע יותר.",הוא הכחיש שהמצב יכול להיות גרוע יותר ממה שהוא היה.,הוא לא חשב שזה יכול להיות גרוע יותר.,לא,strong,0.60,0.50,100458,fiction,,target garbled; paraphrase says the opposite (הכחיש)
hn103065,n,סר ג'יימס יראה אותך.,סר ג'יימס מוכן לפגוש אותך.,סר ג'יימס לא זמין כרגע.,לא,strong,0.60,0.80,103065,fiction,,negation makes a different claim (לא זמין כרגע)
hn104048,n,זאת אינך יכול לעשות עם קוסובו בלי לפגוע בקצב ובחוש ההגינות האנושית.,פעולה כזאת עם קוסובו הייתה פוגעת בתחושת ההגינות האנושית.,לעשות זאת עם קוסובו לא יפגע בתחושת ההגינות האנושית.,לא,strong,0.60,0.40,104048,slate,,direction inverted: the target is already negated
hn104055,y,בקרבת מקום נמצא פסל של צ'ארלס השני על סוס.,צ'ארלס השני רוכב על סוס בתיאור פיסולי שלו.,אין פסלים של צ'ארלס השני על סוס.,אין,strong,0.60,0.50,104055,travel,existential,existential
hn104467,y,גישה זו מוצגת באיור 4-2.,איור 4-2 מראה גישה זו.,איור 4-2 לא מתאר גישה זו.,לא,strong,0.60,0.60,104467,government,,
hn106240,n,אתה יודע הרבה על היסטוריה?',כמה אתה יודע?,אתה לא יודע היסטוריה.,לא,strong,0.60,0.40,106240,fiction,,"target is a question, negation is a statement"
hn109240,y,"כן, אמר סר ג'יימס.",סר ג'יימס הסכים.,סר ג'יימס לא הסכים.,לא,strong,0.60,0.60,109240,fiction,,
hn110772,y,אפילו יש חשבון עובר ושב.,יש להם חשבון עובר ושב.,אין להם חשבון עובר ושב.,אין,strong,0.60,0.80,110772,government,existential,existential
hn110959,n,אז למה לעשות את זה?,למה היית עושה את זה?,למה אתה לא עושה את זה?,לא,strong,0.60,0.60,110959,slate,,negation adds a subject and shifts the question
hn112158,n,מי הולך? דרשה טופנס בחדות.,טופנס רצתה לדעת מי הולך.,טופנס לא התעניינה לדעת מי הולך.,לא,strong,0.60,0.60,112158,fiction,,negates the act of asking
hn112666,y,התאמנו את עלויות עיבוד הדואר עבור La Poste ו-Posti Finland.,התאמנו את עלויות עיבוד הדואר עבור Posti Finland.,לא התאמנו את עלויות עיבוד הדואר עבור פוסטי פינלנד.,לא,strong,0.60,0.70,112666,government,,paraphrase and negation drop the same item
hn114423,n,הם הלכו לשם כל הזמן.,זה היה המקום שאליו הם הלכו כל הזמן.,הם לא הלכו לשם.,לא,strong,0.60,0.80,114423,fiction,,negation drops כל הזמן
hn11468,n,גוונים של צ'יקן ליטל!,"ממש כמו ב""העולם על פי צ'יקן ליטל""!",לא כמו צ'יקן ליטל בכלל.,לא,strong,0.60,0.60,11468,fiction,,target is an idiom fragment
hn114824,y,המידע היה צריך לכלול זיהוי ספציפי של הטובין או השירות.,הוא דרש זיהוי ספציפי של הפריט או השירות.,לא נדרש זיהוי ספציפי של הטובין או השירות.,לא,strong,0.60,0.50,114824,government,,
hn115032,y,מעורבות לקוחות חשובה גם כן.,מעורבות לקוחות היא חשובה גם.,מעורבות של לקוחות לא חשובה.,לא,strong,0.60,0.80,115032,government,,
hn115169,n,"לדוגמה, ניתן לעטוף סקיצות או תמונות בחומר בצבעים ודוגמאות שונים.",ניתן לעטוף חומרים בעלי דוגמאות שונות סביב תמונות.,לא ניתן לעטוף תמונות בחומר בצבעים שונים.,לא,strong,0.60,0.30,115169,oup,,negation drops סקיצות and ודוגמאות
hn115288,y,תמיד אמרת לי את זה.,אתה אמרת לי את זה.,מעולם לא סיפרת לי את זה.,מעולם לא,phrase,0.60,0.80,115288,fiction,quantifier,quantifier
hn115341,n,"עוד שאלה אחת, מר וולס.","מר וולס, עוד שאלה אחת בשבילך.","לא עוד שאלות, מר וולס.",לא,strong,0.60,1.00,115341,fiction,,"target is a request, not a proposition"
hn116659,n,"ג'ודי, מה שלומך בשיקגו?",ג'ודי נמצאת בשיקגו.,ג'ודי מעולם לא הייתה בשיקגו.,מעולם לא,phrase,0.60,0.60,116659,slate,,"target is a question, negation is a statement"
hn118628,n,"תגידי משהו מקורי, גנחה סינתיה.",סינתיה רצתה שאומר משהו מקורי.,סינתיה רצתה שאגיד משהו לא מקורי.,לא,strong,0.60,0.60,118628,fiction,,scope: לא attaches to מקורי inside the object
hn120190,n,אז הדבר הראשון שהיא זוכרת?,"ממשיכים קדימה, מה הדבר הראשון שהיא זוכרת?",היא לא זוכרת את הדבר הראשון.,לא,strong,0.60,0.80,120190,fiction,,"target is a question, negation is a statement"
hn120462,y,מסביר מה גרינספן באמת אמר.,זה מסביר את כל הדברים שגרינספן באמת אמר.,זה לא מסביר שום דבר שגרינספאן באמת אמר.,לא | שום דבר,"phrase,strong",0.60,0.60,120462,slate,quantifier,quantifier
hn121299,n,אתה תעזור לי למרות עצמך.,תעזור לי למרות עצמך.,"אתה לא תעזור לי, למרותי.",לא,strong,0.60,0.80,121299,fiction,,negation garbled by MT
hn121766,n,"מה עוד זה יכול להיות?""",האם זה יכול להיות משהו אחר?,זה לא יכול להיות שום דבר אחר.,לא | שום דבר,"phrase,strong",0.60,0.60,121766,fiction,,"target is a question, negation is a statement"
hn122434,n,הצורך בשירותים משפטיים הוא מכריע.,הצורך בשירותים משפטיים הוא עצום.,הצורך בשירותים משפטיים אינו מרשים.,אינו,strong,0.60,0.80,122434,government,,predicate changed: מכריע -> מרשים
hn123281,n,(מצביע שוב על תחתית הפאזל),מורה שוב בתנועה על תחתית הפאזל.,"לא מצביע, רק מגרגר על הפאזל.",לא,strong,0.60,0.80,123281,oup,,negation adds a clause
hn125492,n,תוצאות הנראות מדווחות כשינוי בדציבלים.,שינוי ב-deciviews- כיצד מדווחים על תוצאות הנראות.,תוצאות הנראות אינן מדווחות כלל.,אינן,strong,0.60,0.40,125492,government,,negation drops כשינוי בדציבלים
hn126447,y,האוכל של דבלין עבר מטמורפוזה.,האוכל של דבלין כבר עבר שינוי.,האוכל של דבלין נשאר ללא שינוי.,ללא,strong,0.60,0.80,126447,travel,privative,privative
hn127577,n,לאור מה שקרה הם מעניינים.,"בהתחשב במה שקרה, הם מרתקים.","לא משנה מה קרה, הם לא מעניינים.",לא | לא,strong,0.60,0.40,127577,fiction,,negation changes the framing clause
hn128263,n,דוח סופי של כוח המשימה - מאושר על ידי הדירקטוריון,הדירקטוריון אישר את הדוח הסופי על כוח המשימה,דוח כוח המשימה הסופי לא אושר על ידי הדירקטוריון.,לא,strong,0.60,0.40,128263,government,,target is a heading
hn13253,n,הפעמון נוצק מחדש בשנות ה-1680.,"בסוף המאה ה-17, הפעמון נוצק מחדש.",הפעמון לא נוצק מחדש במהלך חייו.,לא,strong,0.60,0.60,13253,travel,,time frame changed: בשנות ה-1680 -> במהלך חייו
hn134041,n,"אני מדבר גם בשמך, אני יודע.",אני מבין שאני מדבר בשם שנינו.,"אני מדבר רק בשמי, לא בשמך.",לא,strong,0.60,0.40,134041,fiction,,restructured
hn134516,n,על זה אדבר איתך היום.,,אני לא אדבר איתך היום.,לא,strong,0.60,0.00,134516,government,WRITE PARAPHRASE,negation drops על זה
hn135294,y,"עליך תמיד להקשיב לאינסטינקטים שלך.""",כדאי לך תמיד לשמוע לחושים שלך.,אין לך צורך להקשיב לאינסטינקטים שלך.,אין,strong,0.60,0.00,135294,fiction,,
hn136468,y,ארוחת בוקר כלולה במחיר החדר.,ארוחת בוקר כלולה.,ארוחת בוקר לא כלולה.,לא,strong,0.60,0.60,136468,travel,,
hn137024,y,"ובכן, אתה יכול לעשות משהו.","ובכן, יש משהו שאתה יכול לעשות.","ובכן, אין שום דבר שאתה יכול לעשות.",אין | שום דבר,"phrase,strong",0.60,0.80,137024,fiction,existential,existential
hn137109,y,זה היה בבירור המקרה בקשר לתקני העצמאות הנוכחיים של AICPA.,זה היה בבירור המקרה בקשר ל-AICPA.,זה בבירור לא היה המקרה בקשר עם AICPA.,לא,strong,0.60,0.50,137109,government,,paraphrase and negation drop the same phrase
hn137901,n,הוצגו ותואמו עם מחקר המקרה,הוא הוצג ותואם עם מחקר המקרה.,הוא לא הוצג עם מחקר המקרה.,לא,strong,0.60,0.60,137901,government,,target has no subject
hn138441,n,אנחנו מעריכים את הרצון שלך לעזור אבל אנחנו יכולים לדאוג לעצמנו.,,"אנחנו צריכים את העזרה שלך, אנחנו לא יכולים לדאוג לעצמנו.",לא,strong,0.60,0.00,138441,fiction,WRITE PARAPHRASE,restructured; both clauses change
hn138727,n,טיפול צדקה בבתי חולים למטרות רווח הוא חצי מבתי חולים ללא מטרות רווח.,יש טיפול צדקה בבתי חולים.,אין טיפול צדקה בבתי חולים ללא מטרות רווח.,אין,strong,0.60,0.40,138727,slate,,target garbled by MT
hn138846,n,"כתוצאה מכך, מספר הגישות החדשות",יש גישות חדשות עכשיו.,מספר הגישות החדשות לא הושפע.,לא,strong,0.60,0.00,138846,government,,target truncated
hn139077,y,זו הבעיה עם כוכבי כדורסל.,יש בעיה עם כוכבי כדורסל.,אין שום בעיה עם כוכבי כדורסל.,אין,strong,0.60,0.60,139077,slate,existential,existential
hn139986,n,"חיפשתי את זה בכל מקום.""",,לא חיפשתי את זה.,לא,strong,0.60,0.00,139986,fiction,WRITE PARAPHRASE,negation drops בכל מקום
hn141121,n,בתי ספר המשרתים אזורים כפריים.,בתי הספר משרתים אזורים כפריים.,אין בית ספר המשרת אזורים כפריים.,אין,strong,0.60,0.60,141121,government,,target is a noun phrase
hn141601,n,יעדים הקשורים ישירות לתוצאות הארגוניות,התוצאות יכולות להיות מקושרות למטרות מסוימות.,היעדים לא קשורים ישירות לתוצאות הארגוניות.,לא,strong,0.60,0.00,141601,government,,target is a heading
hn142184,n,מה אם הוא יתקוף ראשון?',,מה אם הוא יברח ולא יילחם?,ולא,strong,0.60,0.00,142184,fiction,WRITE PARAPHRASE,negation makes a different claim
hn14284,y,סוסי R הכפולים נעלמו לאחרונה.,לאחרונה סוסי R כפול נעלמו.,אף אחד מהסוסים הכפולים R לא נעלם לאחרונה.,אף אחד | לא,"phrase,strong",0.60,0.80,14284,fiction,quantifier,quantifier
hn142879,n,התלונה היא שהם מייצאים בכלל.,הם מייצאים דברים.,הבעיה היא שהם לא מייצאים מספיק.,לא,strong,0.60,0.20,142879,slate,,'not enough' is a different claim
hn143570,n,מהות הסבר משבר הטילים בקובה.,משבר הטילים בקובה קשור לצבא.,משבר הטילים בקובה אינו עוסק בטילים.,אינו,strong,0.60,0.60,143570,government,,target is a heading
hn143741,n,"ניהול, מערכות מידע ונהלי עסקים.",,אין ניהול ונהלי עסקים נוראיים.,אין,strong,0.60,0.00,143741,government,WRITE PARAPHRASE,target is a list fragment
hn14501,y,הנגרים היו יעילים באותה מידה.,הנגרים היו יעילים.,הנגרים היו לא יעילים.,לא,strong,0.60,0.60,14501,fiction,,
hn145688,n,אבל זה לא הופך אותם לטועים.,הם לא טועים למרות ויכוחים קודמים.,זה הופך אותם ללא נכונים.,ללא,strong,0.60,0.00,145688,slate,,direction inverted: the target is already negated
hn145832,n,האם אני ער או ישן?,,אני לא מתעורר או ישן.,לא,strong,0.60,0.00,145832,slate,WRITE PARAPHRASE,alternative question; negation garbled
hn1496,n,למה הם חשבו שאנחנו כאן?,למה הם חשבו שאנחנו פה?,האם הם לא הבינו שאנחנו כאן?,לא,strong,0.60,0.80,1496,fiction,,both are questions but of different form
hn1651,y,באוארשטיין היה שם באותו ערב.,באוארשטיין נכח שם באותו ערב.,באוארשטיין לא היה שם בערב.,לא,strong,0.60,0.40,1651,fiction,,
hn16961,n,מי הוא? שאל קא'דן.,קאדן רצה לדעת מי הוא.,קאדאן לא שאל אף אחד מי הוא.,לא | אף אחד,"phrase,strong",0.60,0.40,16961,fiction,,restructured; אף אחד added
hn17274,y,"לאחר שהפסיד בערעור ונענש על ידי שופטי בית המשפט לערעורים, הוא ניסה לערער לבית המשפט העליון.",הוא ניסה לפנות לבית המשפט העליון לאחר שהפסיד בערעור שלו.,הוא לא ניסה לערער לבית המשפט העליון לאחר שהפסיד בערעור שלו.,לא,strong,0.60,0.53,17274,slate,,paraphrase and negation drop the same clause
hn17768,n,ועכשיו הבנים הגדולים רוצים להרוויח.,הבנים רוצים למשוך את כספיהם.,הבנים הגדולים לא רוצים לממש.,לא,strong,0.60,0.40,17768,slate,,verb changed: להרוויח -> לממש
hn22398,y,אנחנו יכולים לתקן את זה.',אפשר לתקן את זה.,אי אפשר לתקן את זה.,אי אפשר,phrase,0.60,0.60,22398,fiction,privative,privative
hn22699,y,זה כבר היה שם בתערובת.,הוא כבר היה כלול בתערובת.,זה לא היה כבר חלק מהתערובת.,לא,strong,0.60,0.60,22699,fiction,,
hn23738,n,"זה חבל, אמר ג'ון.",ג'ון אמר שזה חבל.,ג'ון לא חשב שזה חבל.,לא,strong,0.60,0.80,23738,fiction,,verb changed: אמר -> חשב
hn24197,y,"אלוהים, הוא היה באמת עייף.",הוא היה מאוד עייף.,הוא לא היה עייף בכלל.,לא,strong,0.60,0.60,24197,fiction,,
hn26087,n,הערכת הפחתות סיכון לסרטן קטלני.,הערכה של הפחתות סיכון לסרטן קטלני.,אין הערכה של סיכון לסרטן קטלני.,אין,strong,0.60,0.80,26087,government,,target is a heading
hn26378,n,"האם זה הרעיון שלך, טופנס?""","את חשבת על זה, טאפנס?","זה הרעיון שלך, לא?",לא,strong,0.60,0.20,26378,fiction,,"tag question, not a negation of the proposition"
hn27407,n,"כן, זה היה רעיון חכם!",איזה רעיון חכם!,"לא, זה היה רעיון נורא.",לא,strong,0.60,0.40,27407,fiction,,"antonym (חכם -> נורא), not negation"
hn28550,n,המסמכים האלה היו הנאמנות שלי.,האמון שלי היה במסמכים האלה.,המסמכים האלה לא היו חשובים לי.,לא,strong,0.60,0.40,28550,fiction,,predicate changed: הנאמנות שלי -> חשובים לי
hn28882,n,שאחד מהם התאים אני יודע.,לפחות אחד מהם התאים.,איני יודע אם מישהו מהם התאים.,איני,strong,0.60,0.40,28882,fiction,,target garbled by MT
hn30345,n,"להתראות, טומי. הרכבת יצאה מהתחנה.","טומי נפרד, והרכבת עזבה את התחנה.",הרכבת לא יצאה מהתחנה.,לא,strong,0.60,0.20,30345,fiction,,two sentences; only the second is negated
hn30665,n,"סוזן אומרת שהם יודעים מי היצורים האלה, אמר ג'ון.",ג'ון אמר שסוזן יודעת מי היצורים.,ג'ון אמר שסוזן לא ידעה מי היצורים האלה.,לא,strong,0.60,0.50,30665,fiction,,negation moves to a different clause
hn30858,n,בסדר? אז יש לנו עסקה?,האם יש עסקה כרגע?,אז אני מניח שאין לנו עסקה.,שאין,strong,0.60,0.40,30858,fiction,,"target is a question, negation is a statement"
hn31550,y,מישהו חייב לספוג את ההפסד.,יש מי שיצטרך לשאת בהפסד.,אף אחד לא צריך לספוג את ההפסד.,אף אחד | לא,"phrase,strong",0.60,0.00,31550,slate,quantifier,quantifier
hn31578,n,"כן, אדוני, זיהיתי אותך מיד.","אדוני, כמובן, זיהיתי אותך מיד.","סליחה, אפילו לא זיהיתי אותך אדוני.",לא,strong,0.60,0.80,31578,fiction,,negation adds סליחה and אפילו
hn32219,n,ג'ון עמד בכניסה לאוהל.,ג'ון עמד ליד דש האוהל.,ג'ון לא התקרב לאוהל.,לא,strong,0.60,0.60,32219,fiction,,verb changed: עמד בכניסה -> לא התקרב
hn32325,n,"אם כן, על מה אכתוב?","אם זה נכון, על מה עלי לכתוב?","אם לא, על מה עלי לשיר?",לא,strong,0.60,0.60,32325,slate,,verb changed: אכתוב -> לשיר
hn32424,n,הערה: פיצ'פורק פאט חזר!,הכינוי של פט הוא קלשון והנה הוא חזר!,פיצ'פורק פאט לעולם לא יחזור.,לא,strong,0.60,0.20,32424,slate,,tense changed: חזר -> לא יחזור
hn32925,y,עכשיו סיימתי עם החדר הזה.,סיימתי עם האזור הזה עכשיו.,עדיין לא סיימתי את החדר הזה.,לא,strong,0.60,0.80,32925,fiction,,
hn35205,n,"בוש, או אל גור שהוא.","בוש או אל גור, אחד מהם.",לא בוש ולא אל גור.,לא | ולא,strong,0.60,0.80,35205,slate,,target garbled by MT
hn35965,n,הייתי צריך ללמוד מחדש הכל.,הייתי צריך ללמוד הכל מחדש.,"למזלי, לא הייתי צריך ללמוד שוב שום דבר.",לא | שום דבר,"phrase,strong",0.60,1.00,35965,fiction,,negation adds למזלי
hn38512,y,"במקרים מסוימים, סוכנויות התמקדו תשומת ליבנו בפרקטיקות שהחלו מוקדם יותר.",ישנם מקרים בהם סוכנויות התמקדו בפרקטיקות שהחלו מוקדם יותר.,אין מקרים שבהם סוכנויות התמקדו בפרקטיקות שהחלו מוקדם יותר.,אין,strong,0.60,0.60,38512,government,existential,existential
hn39051,y,"""הוא יצטרך,"" אמר דרו בקדרות.",דרו אמר בקדרות שהוא יצטרך.,דרו אמר שלא יצטרך.,שלא,strong,0.60,0.00,39051,fiction,,
hn42283,n,הנשים צחקו וצ'רק אמר:,הבנות צחקו ואז צ'רק צייץ:,הבנות בכלל לא התרשמו וצ'רק אמר:,בכלל לא,phrase,0.60,0.40,42283,fiction,,verb changed: צחקו -> לא התרשמו
hn42976,y,ואז הוא משך אותו בחזרה.,הוא משך אותה בחזרה.,הוא לא משך את זה בחזרה.,לא,strong,0.60,0.60,42976,fiction,,
hn4416,y,בקרוב יהיו להם ילדים משלהם.,בקרוב ייוולדו להם ילדים משלהם.,הם לעולם לא יהיו להם ילדים,לא,strong,0.60,0.00,4416,fiction,quantifier,quantifier
hn44435,n,הראשון נראה שמסביר את האחרון.,האחרון אכן נראה מוסבר על ידי הראשון.,הראשון עדיין לא מסביר את האחרון.,לא,strong,0.60,0.60,44435,slate,,negation drops נראה
hn44565,y,"אלה רק מנדרייקים, הוא הסביר.",הוא הסביר שאלה רק מנדרייקים.,הוא הסביר שהם בכלל לא היו מנדרייקים.,בכלל לא,phrase,0.60,0.60,44565,fiction,,
hn44859,n,"סביב אחריות, התחייבויות, וסטנדרט שמירה.",תקן לשימור.,"סביב אחריות, אך לא התחייבויות.",לא,strong,0.60,0.00,44859,government,,target is a fragment
hn45953,y,"כן, אבל זה היה אפשרי.",הייתה אפשרות.,זה היה בלתי אפשרי.,בלתי,strong,0.60,0.00,45953,fiction,privative,privative
hn481,n,"נמצא בידי מר בראון, אדוני.",בידיו של מר בראון.,לא בידי מר בראון.,לא,strong,0.60,0.40,481,fiction,,elliptical fragment
hn48121,n,אתה רוצה שאני אלך איתך?,האם עלי ללכת איתך?,אתה אף פעם לא רוצה שאלך איתך.,אף פעם | לא,"phrase,strong",0.60,0.20,48121,slate,,"target is a question, negation is a statement"
hn48341,n,דחיסת דיסק ורשת לתוך Windows.,דחיסת דיסקים ורשת אפשריים ב-Windows.,דחיסת דיסק ורשת אינם אפשריים ב-Windows.,אינם,strong,0.60,0.40,48341,slate,,target is a fragment
hn49152,y,אבל שיחה היא גם חשובה.,גם לשיחה יש חשיבות.,שיחה היא לא חשובה.,לא,strong,0.60,0.60,49152,slate,,
hn49806,y,"כן, היא הראתה לנו אותן.","כן, היא הראתה לנו.","לא, היא לא הראתה לנו כלום.",לא | לא,strong,0.60,0.80,49806,fiction,,
hn49971,y,הסיבה לראות את איש על הירח היא ג'ים קארי.,ג'ים קארי נמצא בסרט איש על הירח.,"ג'ים קארי לא נמצא ב""איש על הירח"".",לא,strong,0.60,0.60,49971,slate,,
hn50279,n,"המזבח הראשי העצום מורכב משיש אדום, יספר ירוק וברונזה מוזהבת.",הרטבלה הראשית העצומה מכילה שיש אדום ואחרים.,המזבח הראשי העצום לא מורכב משיש אדום.,לא,strong,0.60,0.10,50279,travel,,negation drops two of the three materials
hn51161,y,היה בזה משהו מוזר ומפחיד.,היה בזה משהו מטריד ומפחיד.,לא היה בזה שום דבר מוזר או מפחיד.,לא | שום דבר,"phrase,strong",0.60,0.80,51161,fiction,existential,existential
hn52493,y,אני צריך לנגב את זה!,זה הכרחי עבורי לנגב את זה!,אני לא צריך לנגב כלום בכלל.,לא,strong,0.60,0.60,52493,oup,quantifier,quantifier
hn54833,y,איכות החיים נותרת עניינם העיקרי.,איכות החיים ממשיכה להיות עיסוק עיקרי.,איכות החיים כבר לא עיסוקם העיקרי.,לא,strong,0.60,0.40,54833,travel,,
hn55016,y,כולנו יודעים את זה עכשיו.,אנחנו יודעים את זה עכשיו.,אנחנו לא יודעים את זה.,לא,strong,0.60,0.80,55016,slate,,
hn5624,n,9 אחוזים מהילדים עדיין עניים.,9% מהילדים עניים,רק 9% מהילדים אינם עניים,אינם,strong,0.60,0.60,5624,government,,'only 9% are not poor' is not the negation of '9% are poor'
hn57560,y,אני מכיר את מדמואזל סינתיה.,פגשתי בעבר את סינתיה.,מעולם לא פגשתי את מדמואזל סינתיה.,מעולם לא,phrase,0.60,0.40,57560,fiction,quantifier,quantifier
hn60891,y,סביר מאוד שאתה סובל מתסמונת הדשא של השכן ירוק יותר.,"אתה סובל ממשהו שנקרא תסמונת הדשא של השכן ירוק יותר, ככל הנראה.",לא סביר שתסבול מתסמונת העשב של השכן ירוק יותר.,לא,strong,0.60,0.60,60891,slate,,
hn61588,n,כדי לענות על צרכי הסוכנות.,עמידה בצורכי הסוכנות.,הם לא ענו על צרכי הסוכנות.,לא,strong,0.60,0.20,61588,government,,target is a fragment
hn6296,y,יש תקדים לקאלט צ'ה.,לקאלט של צ'ה יש תקדים.,לקאלט של צ'ה אין תקדימים.,אין,strong,0.60,1.00,6296,slate,existential,existential
hn64217,n,"ההקלה בחוקי האיסור הביאה אותם להישג ידם של רוב הציבור האמריקאי, והציבור הצביע עבורם ברגליו.",הציבור החל לעבור לאזורים עם חוקי איסור מקלים.,ההקלה בחוקי האיסור לא הביאה אותם להישג ידם של הציבור.,לא,strong,0.60,0.07,64217,slate,,negation drops the second clause and האמריקאי
hn6510,n,העבודה שלנו הראתה גם שהבינלאומי,עבודתנו מוכיחה שהבין...,העבודה שלנו אינה שואפת להראות שהבינלאומי...,אינה,strong,0.60,0.00,6510,government,,target truncated
hn66542,y,אתה יכול לחפש את זה.,אתה יכול לחפש אותו.,זה בלתי אפשרי עבורך לחפש את זה.,בלתי,strong,0.60,0.60,66542,slate,privative,privative
hn6894,n,זה יכול לקרות במיון מוקדם.,זה יכול לקרות במיון מראש.,זה לא יכול לקרות בשום מקום.,לא,strong,0.60,0.80,6894,government,,locative changed: במיון מוקדם -> בשום מקום
hn68970,n,תתעורר מחר בבוקר בלי שום דבר גרוע יותר.,,"לצערנו, אתה לא תתעורר מחר בבוקר.",לא,strong,0.60,0.00,68970,fiction,WRITE PARAPHRASE,negation makes a different claim
hn69069,n,"ובכן, אני מקולל! הוא אמר.","לעזאזל, הוא אמר.",אני לא ארור הוא אמר.,לא,strong,0.60,0.40,69069,fiction,,idiom garbled by MT
hn70276,n,"'דרי,' המחשבה עלתה במוחו לפתע.",חשבתי על דרי פתאום.,המחשבה על דרי לא עלתה בראשי.,לא,strong,0.60,0.20,70276,fiction,,person changed: במוחו -> בראשי
hn72284,n,"התעשיין אמר, ""הכל בסדר, צעיר.""",התעשיין היה בסדר עם הצעיר.,התעשיין אמר שזה לא בסדר.,לא,strong,0.60,0.40,72284,fiction,,negation drops the vocative and restructures
hn7230,n,מה זה? אמר האיש החום.,האיש החום שאל מה זה.,האיש החום לא אמר דבר.,לא,strong,0.60,0.80,7230,fiction,,"negates the speech act, not the content"
hn75425,y,"ובכן, אראה אותך איתו הערב.","הערב, אראה אותך איתו.",לא אראה אותך איתו הלילה.,לא,strong,0.60,0.80,75425,fiction,,
hn76000,y,אני מזהה חסרונות ביהדות שלי.,אני מודע לחסרונות שלי באמונה היהודית.,איני מזהה שום חוסר ביהדות שלי.,איני,strong,0.60,0.40,76000,slate,quantifier,quantifier
hn77168,n,יוזמת שמיים נקיים תמשיך להביא,יוזמת השמיים הנקיים תצליח.,יוזמת שמיים נקיים לא תצליח.,לא,strong,0.60,0.20,77168,government,,target truncated
hn77833,y,אלמו הילס פשוט זרקו אותו.,אלמו הילס פשוט זרקו את זה החוצה.,אלמו הילס לא זרקו את זה.,לא,strong,0.60,0.80,77833,government,,
hn78006,n,"אני עושה, אמר טומי בביטחון.","טומי אמר, מלא אופטימיות, ""אני עושה.""","""אני לא."" אמר טומי ללא חרטה.",לא | ללא,strong,0.60,0.80,78006,fiction,,target garbled by MT ('I do')
hn78083,y,מדענים מנסים לשבט עוברים אנושיים.,חוקרים עושים ניסיונות לשבט עוברים אנושיים.,אף אחד לא מנסה לשבט עוברים אנושיים.,אף אחד | לא,"phrase,strong",0.60,0.00,78083,slate,quantifier,quantifier
hn78732,n,הצעת תיקון נוסף לכלל הציטוט.,תיקון נוסף לכלל הציטוטים מוצע כעת.,לא מוצע תיקון לכלל הציטוט.,לא,strong,0.60,0.60,78732,government,,target is a nominal fragment
hn78816,n,נערה חכמה פתחה את הדלת.,גברת פתחה את הדלת.,הגברת לא פתחה את הדלת.,לא,strong,0.60,0.60,78816,fiction,,subject changed: נערה חכמה -> הגברת
hn79785,y,"אה, הם משערים שזה מהמטוס.",הם חושבים שזה מהמטוס.,הם לא חושבים שזה מהמטוס.,לא,strong,0.60,0.60,79785,nineeleven,,
hn79996,n,אני יכול להבין את זה.,הבנתי.,אני לא מבין את זה בכלל!,לא,strong,0.60,0.00,79996,fiction,,modal יכול dropped in the negation
hn80298,n,תיקון באגים הוא בזבוז זמן.,תיקון באגים לוקח הרבה זמן.,תיקון באגים לא לוקח זמן בכלל.,לא,strong,0.60,0.60,80298,slate,,'takes no time' is a different claim from 'is a waste of time'
hn82806,n,הבהרנו שאנו מכבדים זכויות אדם.,הבהרנו שאנו מכבדים את זכויות האדם.,אנחנו לא מכבדים זכויות אדם.,לא,strong,0.60,0.80,82806,slate,,negation drops the framing clause הבהרנו
hn84526,n,'אתה חושב שאני הירואי?' לגלגתי.,שאלתי מישהו אם הוא חושב שאני הירואית.,למה אתה לא חושב שאני גבורה?,לא,strong,0.60,0.40,84526,fiction,,garbled by MT
hn85194,n,גבר צריך לדאוג לאנשיו שלו... .,האדם צריך להזדהות עם אומתו.,גבר לא צריך לדאוג לאחרים.,לא,strong,0.60,0.20,85194,fiction,,object changed: לאנשיו שלו -> לאחרים
hn8722,y,אבל רובם פנו לפרקטיקה פרטית.,הרוב המשיך לפרקטיקה פרטית.,רובם לא עברו לפרקטיקה פרטית.,לא,strong,0.60,0.40,8722,government,,
hn87444,n,"אני יכול להוציא אותם החוצה.""",הם הסכימו להוציא אותם החוצה.,הם לא מסוגלים להוציא אותם החוצה.,לא,strong,0.60,0.60,87444,fiction,,subject changed: אני -> הם
hn87712,n,מלכודת זבובים היום: הכרוניקות המלאות.,הכרוניקה המלאה היא הנושא של Flytrap Today.,מלכודת זבובים אתמול: הכרוניקות הלא שלמות.,הלא,strong,0.60,0.00,87712,slate,,target is a title; היום also becomes אתמול
hn8866,y,היום נתן להם זמן להתאמן.,היה להם זמן להתאמן.,לא היה להם זמן להתאמן.,לא,strong,0.60,0.60,8866,fiction,,
hn89857,n,", מגנזיום או חומרים מייצבים) יפחיתו את כמות האבן הגיר הנדרשת.",המגנזיום יקטין את כמות האבן הגיר הנדרשת.,מגנזיום לא יפחית את כמות האבן הגיר הנדרשת.,לא,strong,0.60,0.50,89857,government,,target starts mid-list
hn90033,y,הוא עשוי גם להסיר את מגבלות השכר על משכורות הניהול.,ייתכן שניתן יהיה להסיר את מגבלות השכר על משכורות ההנהלה.,לא ניתן להסיר את מגבלות השכר על משכורות ההנהלה.,לא,strong,0.60,0.60,90033,government,,
hn90488,y,היצור הזכיר לו נחש ארסי.,הוא הזכיר לי נחש ארסי.,הוא לא הזכיר לי נחש ארסי.,לא,strong,0.60,0.60,90488,fiction,,
hn90617,n,יכולתי קצת להסכים עם זה.,הסכמתי במידה מסוימת.,אני לא יכול להסכים עם זה בשום אופן.,לא | בשום אופן,"phrase,strong",0.60,0.00,90617,fiction,,tense changed: יכולתי -> אני לא יכול
hn94410,n,לא היה קשה לעמוד בקצב שלהם.,הם יוכלו לעמוד בקצב שלהם.,יהיה בלתי אפשרי לעמוד בקצב שלהם.,בלתי,strong,0.60,0.60,94410,slate,,direction inverted: the target is already negated
hn94949,n,רחוק יותר לאורך החוף המזרחי נמצא נמל פיסו ליוואדי היפה.,בהמשך החוף המזרחי נמצא הנמל המפואר של פיסו ליוואדי.,פיסו ליבאדי אינו רחוק יותר לאורך החוף המזרחי.,אינו,strong,0.60,0.50,94949,travel,,negates the locative; spelling of the place also changes
hn96622,y,היו 273 תגובות מ-25 תוכניות.,היו 273 תגובות מ-25 התוכניות.,לא היו תגובות מ-25 התוכניות.,לא,strong,0.60,0.80,96622,government,existential,existential
hn97991,n,אין שינויים מהותיים בסעיף 406 הקיים.,,לא בוצעו שינויים בסעיף 406.,לא,strong,0.60,0.00,97991,government,WRITE PARAPHRASE,direction inverted: the target is already negated
hn98381,y,"היא קרובה למועד הלידה, נכון?","היא קרובה ללדת, נכון?","היא לא קרובה בכלל לזמנה, נכון?",לא,strong,0.60,0.00,98381,fiction,question,question
hn98722,n,"""אני חייב להתנצל"", אמר הרופא.",הרופא אמר שהוא צריך להתנצל.,הרופא אמר שאין לו במה להתנצל.,שאין,strong,0.60,0.60,98722,fiction,,restructured (אין לו במה להתנצל)
hn9908,n,תשומת לב רבה תינתן לביקוש ולמחירים שניתן יהיה לגבות בהצלחה.,המחירים שניתן לגבות בהצלחה הם נושא שיינתן לו תשומת לב רבה.,לא תשולם תשומת לב לא לביקוש ולא למחירים שניתן לגבות בהצלחה.,לא | לא | ולא,strong,0.60,0.60,9908,government,,negation garbled by MT (double negative)
